single_frac,task_alpha,single_mass,multi_mass,total_mass,multicellular_pct
0.0,0.1,0,10,20,1.0
0.0,0.1152,0,10,20,1.0
0.0,0.1328,0,10,20,0.9975845410628019
0.0,0.153,0,10,20,1.0
0.0,0.1763,0,10,20,0.9868827160493826
0.0,0.2031,0,10,20,0.9967637540453075
0.0,0.234,0,10,20,1.0
0.0,0.2697,0,10,20,0.9959839357429718
0.0,0.3107,0,10,20,0.9978632478632479
0.0,0.358,0,10,20,0.9971014492753624
0.0,0.4125,0,10,20,1.0
0.0,0.4754,0,10,20,1.0
0.0,0.5477,0,10,20,1.0
0.0,0.6311,0,10,20,0.9924697797648617
0.0,0.7272,0,10,20,0.9973958333333334
0.0,0.8379,0,10,20,0.9927260250471779
0.0,0.9655,0,10,20,0.9981481481481481
0.0,1.1125,0,10,20,0.9949598691467915
0.0,1.2819,0,10,20,0.9922595897201251
0.0,1.477,0,10,20,0.9977628635346756
0.0,1.7019,0,10,20,0.9955555555555556
0.0,1.961,0,10,20,0.9927961666618653
0.0,2.2596,0,10,20,0.9980276134122287
0.0,2.6036,0,10,20,0.9981481481481481
0.0,3.0,0,10,20,0.9959839357429718
0.0417,0.1,1,9,19,0.8240890817905036
0.0417,0.1152,1,9,19,0.8193004717687468
0.0417,0.1328,1,9,19,0.8434195342228749
0.0417,0.153,1,9,19,0.8308485700890764
0.0417,0.1763,1,9,19,0.7890508651848149
0.0417,0.2031,1,9,19,0.8453572354531649
0.0417,0.234,1,9,19,0.8402312549860151
0.0417,0.2697,1,9,19,0.9085021993049026
0.0417,0.3107,1,9,19,0.84488023452918
0.0417,0.358,1,9,19,0.8289511892505478
0.0417,0.4125,1,9,19,0.824464023713313
0.0417,0.4754,1,9,19,0.8457524252490773
0.0417,0.5477,1,9,19,0.886692942942943
0.0417,0.6311,1,9,19,0.8703395905388919
0.0417,0.7272,1,9,19,0.8626785133588984
0.0417,0.8379,1,9,19,0.8550803850427365
0.0417,0.9655,1,9,19,0.8167326863405296
0.0417,1.1125,1,9,19,0.8492886628675409
0.0417,1.2819,1,9,19,0.8731404165466935
0.0417,1.477,1,9,19,0.861655598329607
0.0417,1.7019,1,9,19,0.863065001615607
0.0417,1.961,1,9,19,0.8456146321176954
0.0417,2.2596,1,9,19,0.8627458960792295
0.0417,2.6036,1,9,19,0.8778961536706666
0.0417,3.0,1,9,19,0.8407708788021987
0.0833,0.1,2,9,20,0.7055809556832555
0.0833,0.1152,2,9,20,0.8711683215776578
0.0833,0.1328,2,9,20,0.8241905153669858
0.0833,0.153,2,9,20,0.8473143158112544
0.0833,0.1763,2,9,20,0.696001941661886
0.0833,0.2031,2,9,20,0.8211708003069699
0.0833,0.234,2,9,20,0.732036563575203
0.0833,0.2697,2,9,20,0.722406752352306
0.0833,0.3107,2,9,20,0.7547642416063468
0.0833,0.358,2,9,20,0.763213662428322
0.0833,0.4125,2,9,20,0.774908624893735
0.0833,0.4754,2,9,20,0.7408669294211309
0.0833,0.5477,2,9,20,0.74158879916556
0.0833,0.6311,2,9,20,0.7425696540659579
0.0833,0.7272,2,9,20,0.747810969804895
0.0833,0.8379,2,9,20,0.7089756247980099
0.0833,0.9655,2,9,20,0.6985060158579323
0.0833,1.1125,2,9,20,0.7496837022903374
0.0833,1.2819,2,9,20,0.7545476450441949
0.0833,1.477,2,9,20,0.749741946623478
0.0833,1.7019,2,9,20,0.6979395312218545
0.0833,1.961,2,9,20,0.7014327285063949
0.0833,2.2596,2,9,20,0.766055405929131
0.0833,2.6036,2,9,20,0.7268787811989158
0.0833,3.0,2,9,20,0.6801499199741569
0.125,0.1,2,9,20,0.7117042412992568
0.125,0.1152,2,9,20,0.8535665074443952
0.125,0.1328,2,9,20,0.8484065070149976
0.125,0.153,2,9,20,0.7816882484635008
0.125,0.1763,2,9,20,0.7020853551519961
0.125,0.2031,2,9,20,0.8147087350412159
0.125,0.234,2,9,20,0.7659036967400056
0.125,0.2697,2,9,20,0.7311590638585602
0.125,0.3107,2,9,20,0.7079614980648459
0.125,0.358,2,9,20,0.7581057255558212
0.125,0.4125,2,9,20,0.772733959523924
0.125,0.4754,2,9,20,0.6899110542103567
0.125,0.5477,2,9,20,0.7139186224462777
0.125,0.6311,2,9,20,0.7415274970747793
0.125,0.7272,2,9,20,0.7446778711484594
0.125,0.8379,2,9,20,0.7464388215310724
0.125,0.9655,2,9,20,0.6805377709192925
0.125,1.1125,2,9,20,0.78375388053201
0.125,1.2819,2,9,20,0.7649442730780193
0.125,1.477,2,9,20,0.6872442562033978
0.125,1.7019,2,9,20,0.6632055358842291
0.125,1.961,2,9,20,0.7242844783394523
0.125,2.2596,2,9,20,0.7331813133947492
0.125,2.6036,2,9,20,0.7319809736283883
0.125,3.0,2,9,20,0.7187175993854055
0.1667,0.1,3,8,19,0.8159836877291071
0.1667,0.1152,3,8,19,0.7501847679671947
0.1667,0.1328,3,8,19,0.7134943999684732
0.1667,0.153,3,8,19,0.7597327764501848
0.1667,0.1763,3,8,19,0.7581699346405228
0.1667,0.2031,3,8,19,0.7070827961056586
0.1667,0.234,3,8,19,0.7501186810075205
0.1667,0.2697,3,8,19,0.7697780564828632
0.1667,0.3107,3,8,19,0.6754033486163046
0.1667,0.358,3,8,19,0.7591285123377549
0.1667,0.4125,3,8,19,0.6857108472633312
0.1667,0.4754,3,8,19,0.6868479031403251
0.1667,0.5477,3,8,19,0.7136044237204748
0.1667,0.6311,3,8,19,0.7334309435286634
0.1667,0.7272,3,8,19,0.748374109444346
0.1667,0.8379,3,8,19,0.5763984008862458
0.1667,0.9655,3,8,19,0.639908802077898
0.1667,1.1125,3,8,19,0.685380722337244
0.1667,1.2819,3,8,19,0.6082576066599281
0.1667,1.477,3,8,19,0.6963524875414127
0.1667,1.7019,3,8,19,0.6690839984076131
0.1667,1.961,3,8,19,0.6170918472652218
0.1667,2.2596,3,8,19,0.6612969556517944
0.1667,2.6036,3,8,19,0.5920119864999884
0.1667,3.0,3,8,19,0.6328204364794837
0.2083,0.1,4,8,20,0.7571741378930922
0.2083,0.1152,4,8,20,0.6900155641953455
0.2083,0.1328,4,8,20,0.7842950760082013
0.2083,0.153,4,8,20,0.6670795309415999
0.2083,0.1763,4,8,20,0.7287118806184706
0.2083,0.2031,4,8,20,0.7515146646256258
0.2083,0.234,4,8,20,0.7078155967255494
0.2083,0.2697,4,8,20,0.6602145657954591
0.2083,0.3107,4,8,20,0.6497415150494671
0.2083,0.358,4,8,20,0.6640757897796429
0.2083,0.4125,4,8,20,0.640541361643674
0.2083,0.4754,4,8,20,0.5970983290195727
0.2083,0.5477,4,8,20,0.627071414010473
0.2083,0.6311,4,8,20,0.5926969519535111
0.2083,0.7272,4,8,20,0.5880176602277531
0.2083,0.8379,4,8,20,0.6671037745852582
0.2083,0.9655,4,8,20,0.6162729703723117
0.2083,1.1125,4,8,20,0.5810619045995874
0.2083,1.2819,4,8,20,0.5883989083643106
0.2083,1.477,4,8,20,0.5649218598190356
0.2083,1.7019,4,8,20,0.5757875012224639
0.2083,1.961,4,8,20,0.5723916488804827
0.2083,2.2596,4,8,20,0.6245473693621949
0.2083,2.6036,4,8,20,0.5844201384416644
0.2083,3.0,4,8,20,0.5686962480639113
0.25,0.1,5,7,19,0.7401493105159854
0.25,0.1152,5,7,19,0.7855576985450838
0.25,0.1328,5,7,19,0.7678613043324741
0.25,0.153,5,7,19,0.6626283217647191
0.25,0.1763,5,7,19,0.7004995768396222
0.25,0.2031,5,7,19,0.706362440906374
0.25,0.234,5,7,19,0.6919147538138902
0.25,0.2697,5,7,19,0.6567128257413484
0.25,0.3107,5,7,19,0.6324298236870957
0.25,0.358,5,7,19,0.6464267507088185
0.25,0.4125,5,7,19,0.5838459286890056
0.25,0.4754,5,7,19,0.5898926359639991
0.25,0.5477,5,7,19,0.6192830946959075
0.25,0.6311,5,7,19,0.6583484061007115
0.25,0.7272,5,7,19,0.6577807818327438
0.25,0.8379,5,7,19,0.5743808765536306
0.25,0.9655,5,7,19,0.6160485330650217
0.25,1.1125,5,7,19,0.5412933458937373
0.25,1.2819,5,7,19,0.6015937795163704
0.25,1.477,5,7,19,0.6022774847238738
0.25,1.7019,5,7,19,0.6630727179507668
0.25,1.961,5,7,19,0.6386349592553971
0.25,2.2596,5,7,19,0.5990284278196105
0.25,2.6036,5,7,19,0.578562727416548
0.25,3.0,5,7,19,0.6121716756199037
0.2917,0.1,6,7,20,0.6251700680272109
0.2917,0.1152,6,7,20,0.7601830517153099
0.2917,0.1328,6,7,20,0.7661813492290938
0.2917,0.153,6,7,20,0.6852811764915496
0.2917,0.1763,6,7,20,0.6864722539796725
0.2917,0.2031,6,7,20,0.7207720752027087
0.2917,0.234,6,7,20,0.6527321490636894
0.2917,0.2697,6,7,20,0.6865320276277718
0.2917,0.3107,6,7,20,0.6392765095729013
0.2917,0.358,6,7,20,0.622722141347976
0.2917,0.4125,6,7,20,0.5611517330379677
0.2917,0.4754,6,7,20,0.5777772459881537
0.2917,0.5477,6,7,20,0.6285555293638106
0.2917,0.6311,6,7,20,0.5563762927716579
0.2917,0.7272,6,7,20,0.5870198899153709
0.2917,0.8379,6,7,20,0.5642617909034219
0.2917,0.9655,6,7,20,0.6129291504543232
0.2917,1.1125,6,7,20,0.5215038722598154
0.2917,1.2819,6,7,20,0.5837339831786874
0.2917,1.477,6,7,20,0.5972725248743349
0.2917,1.7019,6,7,20,0.644375140143908
0.2917,1.961,6,7,20,0.6034805296053388
0.2917,2.2596,6,7,20,0.5576096063900942
0.2917,2.6036,6,7,20,0.5666153379245499
0.2917,3.0,6,7,20,0.6100384995121838
0.3333,0.1,7,6,19,0.7546581373274089
0.3333,0.1152,7,6,19,0.6807789560083138
0.3333,0.1328,7,6,19,0.7920259948479985
0.3333,0.153,7,6,19,0.6207561334558324
0.3333,0.1763,7,6,19,0.6444645187192612
0.3333,0.2031,7,6,19,0.6718352742598751
0.3333,0.234,7,6,19,0.7093347064623012
0.3333,0.2697,7,6,19,0.6366972768905551
0.3333,0.3107,7,6,19,0.6444832170156198
0.3333,0.358,7,6,19,0.6303203932639495
0.3333,0.4125,7,6,19,0.5406598695438635
0.3333,0.4754,7,6,19,0.5784550888979688
0.3333,0.5477,7,6,19,0.5544542718645411
0.3333,0.6311,7,6,19,0.52917485512258
0.3333,0.7272,7,6,19,0.5748218221978453
0.3333,0.8379,7,6,19,0.6510522694379196
0.3333,0.9655,7,6,19,0.590163565231316
0.3333,1.1125,7,6,19,0.5380577744044345
0.3333,1.2819,7,6,19,0.5809474557081463
0.3333,1.477,7,6,19,0.5281242781242782
0.3333,1.7019,7,6,19,0.5877316031254899
0.3333,1.961,7,6,19,0.5872632304257942
0.3333,2.2596,7,6,19,0.5308138975746565
0.3333,2.6036,7,6,19,0.5382468795294447
0.3333,3.0,7,6,19,0.6045008298675908
0.375,0.1,8,6,20,0.7478428521883457
0.375,0.1152,8,6,20,0.6222497136311569
0.375,0.1328,8,6,20,0.7691731482029139
0.375,0.153,8,6,20,0.7003644640863936
0.375,0.1763,8,6,20,0.643376002427895
0.375,0.2031,8,6,20,0.6170618333078141
0.375,0.234,8,6,20,0.6653065625813631
0.375,0.2697,8,6,20,0.6369692100622647
0.375,0.3107,8,6,20,0.6239399780799656
0.375,0.358,8,6,20,0.5547244369369932
0.375,0.4125,8,6,20,0.5512333408237421
0.375,0.4754,8,6,20,0.6097455842441816
0.375,0.5477,8,6,20,0.5651912178572293
0.375,0.6311,8,6,20,0.5126093765055296
0.375,0.7272,8,6,20,0.565649769420651
0.375,0.8379,8,6,20,0.5953731531589791
0.375,0.9655,8,6,20,0.5592678700477555
0.375,1.1125,8,6,20,0.48391168257844064
0.375,1.2819,8,6,20,0.5939463686235977
0.375,1.477,8,6,20,0.5091701161859535
0.375,1.7019,8,6,20,0.5424634489192061
0.375,1.961,8,6,20,0.5735160652137462
0.375,2.2596,8,6,20,0.5243274148263114
0.375,2.6036,8,6,20,0.5572097059421793
0.375,3.0,8,6,20,0.5903749258684104
0.4167,0.1,8,6,20,0.7813260279014163
0.4167,0.1152,8,6,20,0.6592037624794852
0.4167,0.1328,8,6,20,0.7565767185272456
0.4167,0.153,8,6,20,0.7105607728908067
0.4167,0.1763,8,6,20,0.6985504582489434
0.4167,0.2031,8,6,20,0.658045897817986
0.4167,0.234,8,6,20,0.6557057996642727
0.4167,0.2697,8,6,20,0.6305095296122215
0.4167,0.3107,8,6,20,0.6113042163373467
0.4167,0.358,8,6,20,0.5495443616291965
0.4167,0.4125,8,6,20,0.5720291883246701
0.4167,0.4754,8,6,20,0.6048554390698698
0.4167,0.5477,8,6,20,0.5482567650280857
0.4167,0.6311,8,6,20,0.4951682800444912
0.4167,0.7272,8,6,20,0.5548056016499214
0.4167,0.8379,8,6,20,0.5868087077609263
0.4167,0.9655,8,6,20,0.5556226467277178
0.4167,1.1125,8,6,20,0.49728197007828384
0.4167,1.2819,8,6,20,0.5642436376043674
0.4167,1.477,8,6,20,0.48841867162632985
0.4167,1.7019,8,6,20,0.537840345154489
0.4167,1.961,8,6,20,0.5679098352043486
0.4167,2.2596,8,6,20,0.5333977041760082
0.4167,2.6036,8,6,20,0.5602888912989008
0.4167,3.0,8,6,20,0.5900730770295989
0.4583,0.1,9,5,19,0.7593062249942862
0.4583,0.1152,9,5,19,0.684201537826073
0.4583,0.1328,9,5,19,0.7540703334057444
0.4583,0.153,9,5,19,0.673429259598498
0.4583,0.1763,9,5,19,0.7175805700967212
0.4583,0.2031,9,5,19,0.6804868349803709
0.4583,0.234,9,5,19,0.6749028885189404
0.4583,0.2697,9,5,19,0.6651571457379081
0.4583,0.3107,9,5,19,0.6009765740620914
0.4583,0.358,9,5,19,0.5951909234960672
0.4583,0.4125,9,5,19,0.550689824787729
0.4583,0.4754,9,5,19,0.529191129564626
0.4583,0.5477,9,5,19,0.5581396778942397
0.4583,0.6311,9,5,19,0.4970651141520386
0.4583,0.7272,9,5,19,0.5591279407306328
0.4583,0.8379,9,5,19,0.5357488317494452
0.4583,0.9655,9,5,19,0.4924458660550968
0.4583,1.1125,9,5,19,0.5103225724856726
0.4583,1.2819,9,5,19,0.4992916145886536
0.4583,1.477,9,5,19,0.5917311774559852
0.4583,1.7019,9,5,19,0.5682978074946
0.4583,1.961,9,5,19,0.5336377284977049
0.4583,2.2596,9,5,19,0.5222337709830037
0.4583,2.6036,9,5,19,0.5496552183150475
0.4583,3.0,9,5,19,0.550247417494444
0.5,0.1,10,5,20,0.7712399401891993
0.5,0.1152,10,5,20,0.7059546163448936
0.5,0.1328,10,5,20,0.7788218565393842
0.5,0.153,10,5,20,0.6541189375479188
0.5,0.1763,10,5,20,0.6691473774893572
0.5,0.2031,10,5,20,0.6620476483054621
0.5,0.234,10,5,20,0.6786138507309317
0.5,0.2697,10,5,20,0.6767122133960338
0.5,0.3107,10,5,20,0.5762182815842646
0.5,0.358,10,5,20,0.5792002816819647
0.5,0.4125,10,5,20,0.5720341043554374
0.5,0.4754,10,5,20,0.5200965969911993
0.5,0.5477,10,5,20,0.5763163892389312
0.5,0.6311,10,5,20,0.5108622316040858
0.5,0.7272,10,5,20,0.5938023967183189
0.5,0.8379,10,5,20,0.5264514545811617
0.5,0.9655,10,5,20,0.563864030435845
0.5,1.1125,10,5,20,0.5323988196027603
0.5,1.2819,10,5,20,0.5137574230581016
0.5,1.477,10,5,20,0.5667522700054123
0.5,1.7019,10,5,20,0.5693422874742309
0.5,1.961,10,5,20,0.5218334404268162
0.5,2.2596,10,5,20,0.5031863584474886
0.5,2.6036,10,5,20,0.5448985210731062
0.5,3.0,10,5,20,0.5568249198893358
0.5417,0.1,11,4,19,0.8092375804803056
0.5417,0.1152,11,4,19,0.7253436912844052
0.5417,0.1328,11,4,19,0.6770208216994513
0.5417,0.153,11,4,19,0.6730790982810554
0.5417,0.1763,11,4,19,0.5996059298512572
0.5417,0.2031,11,4,19,0.6631534744731687
0.5417,0.234,11,4,19,0.623170027590468
0.5417,0.2697,11,4,19,0.6232133061190422
0.5417,0.3107,11,4,19,0.5763378465506125
0.5417,0.358,11,4,19,0.6177892806980896
0.5417,0.4125,11,4,19,0.5445440112099764
0.5417,0.4754,11,4,19,0.5660079183188427
0.5417,0.5477,11,4,19,0.5424224207755391
0.5417,0.6311,11,4,19,0.5558100516281183
0.5417,0.7272,11,4,19,0.5690805571240354
0.5417,0.8379,11,4,19,0.5016318015493018
0.5417,0.9655,11,4,19,0.5606935041682984
0.5417,1.1125,11,4,19,0.5214555388067269
0.5417,1.2819,11,4,19,0.5820539416131773
0.5417,1.477,11,4,19,0.5811554260107622
0.5417,1.7019,11,4,19,0.5714809901991373
0.5417,1.961,11,4,19,0.5011806458741944
0.5417,2.2596,11,4,19,0.553297361179796
0.5417,2.6036,11,4,19,0.5163262664275575
0.5417,3.0,11,4,19,0.5682616366836434
0.5833,0.1,12,4,20,0.7863938348511851
0.5833,0.1152,12,4,20,0.6885468311618433
0.5833,0.1328,12,4,20,0.7508303447329783
0.5833,0.153,12,4,20,0.6977424180606554
0.5833,0.1763,12,4,20,0.7001491975836199
0.5833,0.2031,12,4,20,0.630190327497119
0.5833,0.234,12,4,20,0.6490151021442082
0.5833,0.2697,12,4,20,0.6162276475525211
0.5833,0.3107,12,4,20,0.5746036849322547
0.5833,0.358,12,4,20,0.595285527273192
0.5833,0.4125,12,4,20,0.5968047530110293
0.5833,0.4754,12,4,20,0.5450227109192302
0.5833,0.5477,12,4,20,0.5372147980843632
0.5833,0.6311,12,4,20,0.5781156612029096
0.5833,0.7272,12,4,20,0.5190180644554346
0.5833,0.8379,12,4,20,0.5408510967909089
0.5833,0.9655,12,4,20,0.5533981769974979
0.5833,1.1125,12,4,20,0.519515593615531
0.5833,1.2819,12,4,20,0.6037561968067607
0.5833,1.477,12,4,20,0.5545150501672241
0.5833,1.7019,12,4,20,0.5862344628247105
0.5833,1.961,12,4,20,0.5062000447916878
0.5833,2.2596,12,4,20,0.5512914499167966
0.5833,2.6036,12,4,20,0.4863717644700485
0.5833,3.0,12,4,20,0.5805995758048702
0.625,0.1,12,4,20,0.7965414430530711
0.625,0.1152,12,4,20,0.7120785362577026
0.625,0.1328,12,4,20,0.7289804710731228
0.625,0.153,12,4,20,0.6967695376056264
0.625,0.1763,12,4,20,0.6794760820161394
0.625,0.2031,12,4,20,0.6421828586007691
0.625,0.234,12,4,20,0.6482526116412517
0.625,0.2697,12,4,20,0.5747414320898439
0.625,0.3107,12,4,20,0.5573972408667808
0.625,0.358,12,4,20,0.5706363433130908
0.625,0.4125,12,4,20,0.6010015672556142
0.625,0.4754,12,4,20,0.5641858841727231
0.625,0.5477,12,4,20,0.5534619100318373
0.625,0.6311,12,4,20,0.5508808514364242
0.625,0.7272,12,4,20,0.5034701069986147
0.625,0.8379,12,4,20,0.5540706804472356
0.625,0.9655,12,4,20,0.5496294659671387
0.625,1.1125,12,4,20,0.5266340894516237
0.625,1.2819,12,4,20,0.5892493878902377
0.625,1.477,12,4,20,0.572593261039044
0.625,1.7019,12,4,20,0.5564733400349101
0.625,1.961,12,4,20,0.5150966694614877
0.625,2.2596,12,4,20,0.5170501082171891
0.625,2.6036,12,4,20,0.487216812785044
0.625,3.0,12,4,20,0.5801248954922172
0.6667,0.1,13,3,19,0.7989920070395972
0.6667,0.1152,13,3,19,0.7132237670605002
0.6667,0.1328,13,3,19,0.6423610052561046
0.6667,0.153,13,3,19,0.6718285439390813
0.6667,0.1763,13,3,19,0.655423554779604
0.6667,0.2031,13,3,19,0.7013324899852414
0.6667,0.234,13,3,19,0.614865925513225
0.6667,0.2697,13,3,19,0.5957891437767598
0.6667,0.3107,13,3,19,0.6286012221460798
0.6667,0.358,13,3,19,0.6390071793020038
0.6667,0.4125,13,3,19,0.5505214078236391
0.6667,0.4754,13,3,19,0.5404500202036826
0.6667,0.5477,13,3,19,0.5394251109760223
0.6667,0.6311,13,3,19,0.5710041633092956
0.6667,0.7272,13,3,19,0.5356694212969516
0.6667,0.8379,13,3,19,0.5074398588126167
0.6667,0.9655,13,3,19,0.5060281020173968
0.6667,1.1125,13,3,19,0.547088512589354
0.6667,1.2819,13,3,19,0.5651631150949001
0.6667,1.477,13,3,19,0.5053026981039439
0.6667,1.7019,13,3,19,0.5314590328099215
0.6667,1.961,13,3,19,0.5438896403351171
0.6667,2.2596,13,3,19,0.5350029473751744
0.6667,2.6036,13,3,19,0.4981822036017273
0.6667,3.0,13,3,19,0.5069666475030795
0.7083,0.1,14,3,20,0.7752510613380178
0.7083,0.1152,14,3,20,0.7024851449836141
0.7083,0.1328,14,3,20,0.6296992222451648
0.7083,0.153,14,3,20,0.676756098031276
0.7083,0.1763,14,3,20,0.6493682110821933
0.7083,0.2031,14,3,20,0.6482563186262192
0.7083,0.234,14,3,20,0.6310084541062801
0.7083,0.2697,14,3,20,0.6307324267546381
0.7083,0.3107,14,3,20,0.6264434672815594
0.7083,0.358,14,3,20,0.62032814348265
0.7083,0.4125,14,3,20,0.551753367637056
0.7083,0.4754,14,3,20,0.5871513792857321
0.7083,0.5477,14,3,20,0.5879804659505322
0.7083,0.6311,14,3,20,0.5600400837816274
0.7083,0.7272,14,3,20,0.5756149859103076
0.7083,0.8379,14,3,20,0.5269174686744938
0.7083,0.9655,14,3,20,0.4931445665011706
0.7083,1.1125,14,3,20,0.5580398131157899
0.7083,1.2819,14,3,20,0.5701056440280667
0.7083,1.477,14,3,20,0.5004830917874397
0.7083,1.7019,14,3,20,0.5497806386446933
0.7083,1.961,14,3,20,0.5500289800493444
0.7083,2.2596,14,3,20,0.523844858981089
0.7083,2.6036,14,3,20,0.5006356989058254
0.7083,3.0,14,3,20,0.5167810831426393
0.75,0.1,15,2,19,0.7527090989586895
0.75,0.1152,15,2,19,0.6978704420125036
0.75,0.1328,15,2,19,0.7263372563671462
0.75,0.153,15,2,19,0.6696527410516916
0.75,0.1763,15,2,19,0.6689397637105454
0.75,0.2031,15,2,19,0.6263014166239973
0.75,0.234,15,2,19,0.7003213178437502
0.75,0.2697,15,2,19,0.6099176372039588
0.75,0.3107,15,2,19,0.6120227870242523
0.75,0.358,15,2,19,0.5989718441317993
0.75,0.4125,15,2,19,0.5832007578358971
0.75,0.4754,15,2,19,0.5523628757359776
0.75,0.5477,15,2,19,0.5460362992551223
0.75,0.6311,15,2,19,0.578677813063398
0.75,0.7272,15,2,19,0.5826944551021227
0.75,0.8379,15,2,19,0.5143319959488668
0.75,0.9655,15,2,19,0.4760770348544958
0.75,1.1125,15,2,19,0.5362690428812362
0.75,1.2819,15,2,19,0.5526294322725976
0.75,1.477,15,2,19,0.5493699460489099
0.75,1.7019,15,2,19,0.5720676361693194
0.75,1.961,15,2,19,0.48565068570311
0.75,2.2596,15,2,19,0.470930172676747
0.75,2.6036,15,2,19,0.44535042118123913
0.75,3.0,15,2,19,0.458704932880768
0.7917,0.1,16,2,20,0.8009276973503616
0.7917,0.1152,16,2,20,0.6901204728163783
0.7917,0.1328,16,2,20,0.7009207508180201
0.7917,0.153,16,2,20,0.6741656187731021
0.7917,0.1763,16,2,20,0.6437652733610874
0.7917,0.2031,16,2,20,0.6328566713503632
0.7917,0.234,16,2,20,0.6569412777926976
0.7917,0.2697,16,2,20,0.6639291725014457
0.7917,0.3107,16,2,20,0.602145435343539
0.7917,0.358,16,2,20,0.5507002774330038
0.7917,0.4125,16,2,20,0.6037891438405539
0.7917,0.4754,16,2,20,0.5304033263288868
0.7917,0.5477,16,2,20,0.5597772500122632
0.7917,0.6311,16,2,20,0.5757345399232389
0.7917,0.7272,16,2,20,0.5748432190885513
0.7917,0.8379,16,2,20,0.4993431814199247
0.7917,0.9655,16,2,20,0.4946015351381572
0.7917,1.1125,16,2,20,0.5302811226320087
0.7917,1.2819,16,2,20,0.5561927889293617
0.7917,1.477,16,2,20,0.5550736321606516
0.7917,1.7019,16,2,20,0.575051351158736
0.7917,1.961,16,2,20,0.49735437488716167
0.7917,2.2596,16,2,20,0.4882639397213799
0.7917,2.6036,16,2,20,0.45855867583421106
0.7917,3.0,16,2,20,0.4684926965411735
0.8333,0.1,17,1,19,0.6697184797035147
0.8333,0.1152,17,1,19,0.7395043451636439
0.8333,0.1328,17,1,19,0.5792736565034321
0.8333,0.153,17,1,19,0.7317951620175766
0.8333,0.1763,17,1,19,0.7111529256555164
0.8333,0.2031,17,1,19,0.677335229966809
0.8333,0.234,17,1,19,0.5950471397481772
0.8333,0.2697,17,1,19,0.634243196323735
0.8333,0.3107,17,1,19,0.6704116561516082
0.8333,0.358,17,1,19,0.632513620017503
0.8333,0.4125,17,1,19,0.5957893745070311
0.8333,0.4754,17,1,19,0.5675098463562481
0.8333,0.5477,17,1,19,0.5426329724366764
0.8333,0.6311,17,1,19,0.5540281075410819
0.8333,0.7272,17,1,19,0.5099381498670201
0.8333,0.8379,17,1,19,0.5169010386551024
0.8333,0.9655,17,1,19,0.4937048333115783
0.8333,1.1125,17,1,19,0.4855739120741094
0.8333,1.2819,17,1,19,0.49107435715576275
0.8333,1.477,17,1,19,0.49527329496133704
0.8333,1.7019,17,1,19,0.47510026695087065
0.8333,1.961,17,1,19,0.46867081065489913
0.8333,2.2596,17,1,19,0.4811910374631265
0.8333,2.6036,17,1,19,0.46361624220904224
0.8333,3.0,17,1,19,0.4883242280338724
0.875,0.1,18,1,20,0.7001771253901112
0.875,0.1152,18,1,20,0.7231617949207845
0.875,0.1328,18,1,20,0.6598822230527536
0.875,0.153,18,1,20,0.7291295631756158
0.875,0.1763,18,1,20,0.6703054040522057
0.875,0.2031,18,1,20,0.6810147807811638
0.875,0.234,18,1,20,0.6005802552404863
0.875,0.2697,18,1,20,0.6312148262999716
0.875,0.3107,18,1,20,0.657421128172064
0.875,0.358,18,1,20,0.5910792546113773
0.875,0.4125,18,1,20,0.609731695291314
0.875,0.4754,18,1,20,0.5531422549925681
0.875,0.5477,18,1,20,0.5510241113495963
0.875,0.6311,18,1,20,0.5884641479853455
0.875,0.7272,18,1,20,0.5131397003971586
0.875,0.8379,18,1,20,0.4775928736437609
0.875,0.9655,18,1,20,0.5009820390785641
0.875,1.1125,18,1,20,0.4958036534023851
0.875,1.2819,18,1,20,0.5184184839710076
0.875,1.477,18,1,20,0.4925596589970389
0.875,1.7019,18,1,20,0.48785015351942956
0.875,1.961,18,1,20,0.47873246027529115
0.875,2.2596,18,1,20,0.46277109486124207
0.875,2.6036,18,1,20,0.45513677934774033
0.875,3.0,18,1,20,0.4945867415449003
0.9167,0.1,18,1,20,0.639288793031716
0.9167,0.1152,18,1,20,0.7880051101768416
0.9167,0.1328,18,1,20,0.6197876606393957
0.9167,0.153,18,1,20,0.7226477863126756
0.9167,0.1763,18,1,20,0.7258659055854966
0.9167,0.2031,18,1,20,0.6671070111732899
0.9167,0.234,18,1,20,0.5650438094855621
0.9167,0.2697,18,1,20,0.6342302943657404
0.9167,0.3107,18,1,20,0.6696880636169865
0.9167,0.358,18,1,20,0.58990721915662
0.9167,0.4125,18,1,20,0.6200670479166949
0.9167,0.4754,18,1,20,0.5371058101861085
0.9167,0.5477,18,1,20,0.5596290979956788
0.9167,0.6311,18,1,20,0.5590418523589812
0.9167,0.7272,18,1,20,0.5008359299030013
0.9167,0.8379,18,1,20,0.4952542003355666
0.9167,0.9655,18,1,20,0.5098459869881579
0.9167,1.1125,18,1,20,0.4957164973110533
0.9167,1.2819,18,1,20,0.5276690439997971
0.9167,1.477,18,1,20,0.4981679364930744
0.9167,1.7019,18,1,20,0.4885767794900015
0.9167,1.961,18,1,20,0.48171564630186453
0.9167,2.2596,18,1,20,0.4629340169553398
0.9167,2.6036,18,1,20,0.4685351894762206
0.9167,3.0,18,1,20,0.48238736183326875
0.9583,0.1,19,0,19,0.6322426892814462
0.9583,0.1152,19,0,19,0.6740028842104966
0.9583,0.1328,19,0,19,0.6864791933460462
0.9583,0.153,19,0,19,0.6901653158567297
0.9583,0.1763,19,0,19,0.6528890525540715
0.9583,0.2031,19,0,19,0.591820152697294
0.9583,0.234,19,0,19,0.6208821887213847
0.9583,0.2697,19,0,19,0.5398967855328525
0.9583,0.3107,19,0,19,0.5492841889801546
0.9583,0.358,19,0,19,0.5458980914137638
0.9583,0.4125,19,0,19,0.5346584311081797
0.9583,0.4754,19,0,19,0.5534661439908531
0.9583,0.5477,19,0,19,0.5292488915155463
0.9583,0.6311,19,0,19,0.49204186170871833
0.9583,0.7272,19,0,19,0.5020747182050344
0.9583,0.8379,19,0,19,0.47316129064567797
0.9583,0.9655,19,0,19,0.5740707136388304
0.9583,1.1125,19,0,19,0.47668778919300453
0.9583,1.2819,19,0,19,0.46993232101224064
0.9583,1.477,19,0,19,0.5346695076290967
0.9583,1.7019,19,0,19,0.4630811991688824
0.9583,1.961,19,0,19,0.4689039071012024
0.9583,2.2596,19,0,19,0.4989534389316312
0.9583,2.6036,19,0,19,0.5158494331527909
0.9583,3.0,19,0,19,0.48009537687158704
1.0,0.1,20,0,20,0.6785231419003348
1.0,0.1152,20,0,20,0.6583909528465485
1.0,0.1328,20,0,20,0.7000394949139078
1.0,0.153,20,0,20,0.6808632543926662
1.0,0.1763,20,0,20,0.6253839705249129
1.0,0.2031,20,0,20,0.6183993634179559
1.0,0.234,20,0,20,0.5903341675837755
1.0,0.2697,20,0,20,0.6090198309300203
1.0,0.3107,20,0,20,0.5173166217747897
1.0,0.358,20,0,20,0.5543856132142609
1.0,0.4125,20,0,20,0.5355154559349926
1.0,0.4754,20,0,20,0.563464717663713
1.0,0.5477,20,0,20,0.526688643615076
1.0,0.6311,20,0,20,0.4865588373330612
1.0,0.7272,20,0,20,0.5170651399493565
1.0,0.8379,20,0,20,0.4697504319826387
1.0,0.9655,20,0,20,0.5763461609858251
1.0,1.1125,20,0,20,0.48359546774701
1.0,1.2819,20,0,20,0.48562730608605986
1.0,1.477,20,0,20,0.5412876034618767
1.0,1.7019,20,0,20,0.4598271609422473
1.0,1.961,20,0,20,0.48126731927204225
1.0,2.2596,20,0,20,0.508206400077289
1.0,2.6036,20,0,20,0.5164538945265611
1.0,3.0,20,0,20,0.47867926120225723
