tick,total_cells,lone_cells,clustered_cells,num_clusters,avg_cluster_size,cooperators,defectors,cooperator_pct,defector_pct,coop_genome_pct,mean_fitness,multi_advantage,coop_advantage,coop_rate_clustered,def_rate_clustered,coop_rate_lone,def_rate_lone,cluster_rate,lone_rate,seed,ticks,grid_size,initial_cells,mutation_rate,task_flip_period,coop_reward_scale
0,100,62,38,12,3.1666666666666665,38,0,38.0,0.0,71.0,0.1335,-0.12618845500848896,0.05526315789473685,0.05526315789473685,0.0,0.17500000000000002,0.18879310344827588,0.05526315789473685,0.1814516129032258,0,700,250,100,0.005,,0.02
50,100,54,46,14,3.2857142857142856,44,2,44.0,2.0,71.0,6.384999999999999,-0.12437245429572795,-0.12228163992869875,0.052718360071301235,0.175,0.17499999999999996,0.18981481481481477,0.05803495311167943,0.18240740740740738,0,700,250,100,0.005,,0.02
100,100,54,46,14,3.2857142857142856,44,2,44.0,2.0,71.0,12.748500000000012,-0.12214051115256452,-0.11994824482448269,0.055051755175517636,0.17500000000000032,0.17500000000000038,0.1898148148148147,0.060266896254842967,0.1824074074074075,0,700,250,100,0.005,,0.02
150,81,54,27,14,1.9285714285714286,25,2,30.864197530864196,2.4691358024691357,64.19753086419753,23.80895061728398,-0.04672553348050035,-0.04246357615894067,0.1325364238410598,0.17500000000000046,0.1750000000000005,0.18981481481481471,0.13568187392690723,0.18240740740740757,0,700,250,100,0.005,,0.02
200,88,49,39,23,1.6956521739130435,27,12,30.681818181818183,13.636363636363637,61.36363636363637,26.63664772727276,-0.03810695345876591,-0.0011608623548921282,0.13901326699834177,0.1401741293532339,0.17500000000000016,0.18051786521935786,0.13937045541523163,0.17747740887399754,0,700,250,100,0.005,,0.02
250,89,49,40,24,1.6666666666666667,28,12,31.46067415730337,13.48314606741573,61.79775280898876,34.83820224719101,-0.0349148304740223,-0.004880478087649659,0.1422310756972111,0.14711155378486077,0.17499999999999963,0.18304056501267715,0.143695219123506,0.1786100495975283,0,700,250,100,0.005,,0.02
300,89,49,40,24,1.6666666666666667,28,12,31.46067415730337,13.48314606741573,61.79775280898876,43.419662921348284,-0.033378025628856195,-0.008222591362126663,0.14352159468438522,0.15174418604651188,0.17499999999999916,0.1847251585623687,0.1459883720930232,0.1793663977218794,0,700,250,100,0.005,,0.02
350,91,48,43,27,1.5925925925925926,28,15,30.76923076923077,16.483516483516482,60.43956043956044,49.30439560439552,-0.027537678815845734,-0.014601139601140178,0.144444444444444,0.15904558404558417,0.1749999999999989,0.17974410068888172,0.1495378652355394,0.17707554405138515,0,700,250,100,0.005,,0.02
400,92,49,43,27,1.5925925925925926,28,15,30.434782608695652,16.304347826086957,59.78260869565217,57.035869565217254,-0.025013632588186258,-0.015897755610973036,0.14513715710723124,0.16103491271820428,0.1749999999999987,0.17655133642950452,0.15068288580873343,0.1756965183969197,0,700,250,100,0.005,,0.02
450,96,49,47,28,1.6785714285714286,32,15,33.333333333333336,15.625,61.458333333333336,62.93229166666646,-0.031485375896812356,-0.02502025413610806,0.13756289442264974,0.1625831485587578,0.17499999999999857,0.17952906512162717,0.14554808191289698,0.17703345780970933,0,700,250,100,0.005,,0.02
500,96,49,47,28,1.6785714285714286,32,15,33.333333333333336,15.625,61.458333333333336,71.1541666666664,-0.029443279491098484,-0.020005821689953657,0.14381653359946678,0.16382235528942043,0.17499999999999835,0.185344901827553,0.15020137030902647,0.17964464980012496,0,700,250,100,0.005,,0.02
550,30,6,24,18,1.3333333333333333,12,12,40.0,40.0,40.0,42.16333333333309,0.012276723250433746,0.0003113519258762243,0.1631268436578163,0.16281549173194007,0.0,0.15069444444444446,0.1629711676948782,0.15069444444444446,0,700,250,100,0.005,,0.02
600,30,6,24,18,1.3333333333333333,12,12,40.0,40.0,40.0,50.91333333333302,0.009779444049116848,0.0025464373255502104,0.16676891615541842,0.1642224788298682,0.0,0.15571625344352644,0.16549569749264328,0.15571625344352644,0,700,250,100,0.005,,0.02
650,27,6,21,17,1.2352941176470589,9,12,33.333333333333336,44.44444444444444,33.333333333333336,55.05370370370337,0.006861312138596948,0.0012632963643377793,0.16660146061554443,0.16533816425120665,0.0,0.15901826484018303,0.16587957697877997,0.15901826484018303,0,700,250,100,0.005,,0.02
0,100,62,38,13,2.923076923076923,38,0,38.0,0.0,73.0,0.13675000000000004,-0.11657470288624783,0.06447368421052632,0.06447368421052632,0.0,0.175,0.1888888888888889,0.06447368421052632,0.18104838709677415,1,700,250,100,0.005,,0.02
50,100,50,50,18,2.7777777777777777,46,4,46.0,4.0,73.0,7.303249999999997,-0.07859803921568623,-0.07728047740835467,0.09771952259164532,0.175,0.17499999999999996,0.19130434782608685,0.10390196078431371,0.18249999999999994,1,700,250,100,0.005,,0.02
100,100,50,50,18,2.7777777777777777,46,4,46.0,4.0,73.0,14.490750000000016,-0.07805445544554442,-0.07668962548428768,0.09831037451571265,0.17500000000000032,0.17500000000000038,0.19130434782608677,0.10444554455445566,0.18250000000000008,1,700,250,100,0.005,,0.02
150,86,50,36,15,2.4,32,4,37.2093023255814,4.651162790697675,68.6046511627907,25.50029069767446,-0.011910412067696635,-0.004961713576159044,0.17003828642384142,0.17500000000000046,0.1750000000000005,0.19130434782608677,0.17058958793230355,0.1825000000000002,1,700,250,100,0.005,,0.02
200,92,54,38,16,2.375,32,6,34.78260869565217,6.521739130434782,64.1304347826087,30.04429347826091,-0.004271818296432195,0.015427290630182444,0.1672100435323385,0.15178275290215607,0.17500000000000016,0.1630919476690622,0.16477415553809913,0.16904597383453132,1,700,250,100,0.005,,0.02
250,92,54,38,16,2.375,32,6,34.78260869565217,6.521739130434782,64.1304347826087,38.81168478260867,-0.007821224847200214,0.00877142471779535,0.16517912724103556,0.1564077025232402,0.17499999999999963,0.16823078058137872,0.163794165443489,0.1716153902906892,1,700,250,100,0.005,,0.02
300,94,54,40,17,2.3529411764705883,34,6,36.170212765957444,6.382978723404255,64.8936170212766,46.57047872340418,-0.017728922835284544,-0.004581019822429838,0.15491510420857751,0.15949612403100735,0.17499999999999916,0.17166236003445387,0.15560225718194198,0.17333118001722653,1,700,250,100,0.005,,0.02
350,100,51,49,23,2.130434782608696,34,15,34.0,15.0,61.0,48.62399999999987,-0.01969700453312906,0.01762442169304851,0.1553974511327444,0.13777302943969588,0.1749999999999989,0.16373585213761657,0.15000222000221936,0.16969922453534841,1,700,250,100,0.005,,0.02
400,100,49,51,24,2.125,34,17,34.0,17.0,61.0,57.3374999999998,-0.026745749192736784,0.01705184866642101,0.1564659294030708,0.1394140807366498,0.1749999999999987,0.18062994195347246,0.1507819798475971,0.17752772904033387,1,700,250,100,0.005,,0.02
450,99,49,50,24,2.0833333333333335,33,17,33.333333333333336,17.171717171717173,60.60606060606061,66.64570707070679,-0.022749283844229445,0.018092976747615286,0.16186887488203064,0.14377589813441535,0.17499999999999857,0.18272094477143241,0.15571726278784145,0.1784665466320709,1,700,250,100,0.005,,0.02
500,102,52,50,25,2.0,34,16,33.333333333333336,15.686274509803921,59.80392156862745,72.1524509803918,-0.008169699313462425,0.010584325533907257,0.16298729086424346,0.1524029653303362,0.17499999999999835,0.15996161249426133,0.15960030669339317,0.1677700060068556,1,700,250,100,0.005,,0.02
550,31,9,22,17,1.2941176470588236,10,12,32.25806451612903,38.70967741935484,32.25806451612903,25.922580645161236,0.02400899857129528,-0.03717573322391049,0.12058452063608752,0.157760253859998,0.0,0.11685319473237978,0.14086219330367505,0.11685319473237978,1,700,250,100,0.005,,0.02
600,31,9,22,17,1.2941176470588236,10,12,32.25806451612903,38.70967741935484,32.25806451612903,34.67258064516119,0.023218836799045545,-0.024284180134141242,0.1363456965463187,0.16062987668045994,0.0,0.12637277618407744,0.14959161298312298,0.12637277618407744,1,700,250,100,0.005,,0.02
650,27,9,18,15,1.2,6,12,22.22222222222222,44.44444444444444,22.22222222222222,38.94722222222212,0.01712777640005056,-0.008741609722296872,0.15390574958563621,0.1626473593079331,0.0,0.14260571300045025,0.1597334894005008,0.14260571300045025,1,700,250,100,0.005,,0.02
0,100,55,45,15,3.0,45,0,45.0,0.0,73.0,0.14350000000000004,-0.0841414141414142,0.0972222222222222,0.0972222222222222,0.0,0.175,0.18796296296296297,0.0972222222222222,0.1813636363636364,2,700,250,100,0.005,,0.02
50,100,47,53,17,3.1176470588235294,49,4,49.0,4.0,73.0,7.929249999999996,-0.05088927983879221,-0.04698879551820728,0.1280112044817927,0.175,0.17499999999999996,0.1902173913043477,0.13155752867184606,0.18244680851063827,2,700,250,100,0.005,,0.02
100,100,47,53,17,3.1176470588235294,49,4,49.0,4.0,73.0,15.552250000000017,-0.053705915553417916,-0.05003536067892514,0.12496463932107518,0.17500000000000032,0.17500000000000035,0.19021739130434775,0.1287408929572205,0.1824468085106384,2,700,250,100,0.005,,0.02
150,91,47,44,16,2.75,40,4,43.956043956043956,4.395604395604396,70.32967032967034,25.603846153846195,-0.020600001589327815,-0.014468512386558802,0.16053148761344166,0.17500000000000046,0.17500000000000046,0.1902173913043477,0.16184680692131065,0.18244680851063846,2,700,250,100,0.005,,0.02
200,98,49,49,18,2.7222222222222223,40,9,40.816326530612244,9.183673469387756,65.3061224489796,29.55892857142861,-0.009940326198321942,0.017081668676818013,0.161125339213026,0.14404367053620798,0.17500000000000018,0.1611393034825872,0.15798788986422269,0.16792821606254463,2,700,250,100,0.005,,0.02
250,98,49,49,18,2.7222222222222223,40,9,40.816326530612244,9.183673469387756,65.3061224489796,38.13392857142854,-0.012831127682745136,0.00945506469310825,0.15966533472409541,0.15021027003098716,0.1749999999999996,0.16668924302788898,0.15792869018862657,0.1707598178713717,2,700,250,100,0.005,,0.02
300,98,49,49,18,2.7222222222222223,40,9,40.816326530612244,9.183673469387756,65.3061224489796,46.616071428571324,-0.0155135960572646,0.0034409352691274486,0.15776910064380434,0.1543281653746769,0.17499999999999918,0.1703953488372101,0.15713709212498503,0.17265068818224963,2,700,250,100,0.005,,0.02
350,102,51,51,19,2.6842105263157894,40,11,39.21568627450981,10.784313725490197,62.745098039215684,50.4789215686273,-0.01794265480063137,0.009762692848560045,0.1567190265070212,0.14695633365846114,0.1749999999999989,0.17038356019837575,0.15461334765733178,0.17255600245796315,2,700,250,100,0.005,,0.02
400,104,50,54,21,2.5714285714285716,41,13,39.42307692307692,12.5,62.5,57.532932692307476,-0.022158168468172035,0.008260242405716711,0.1538095908858643,0.14554934848014758,0.17499999999999868,0.17303688938189732,0.15182101401041398,0.17397918247858601,2,700,250,100,0.005,,0.02
450,104,50,54,21,2.5714285714285716,41,13,39.42307692307692,12.5,62.5,66.28293269230738,-0.020932354777797202,0.005295302773017013,0.15537569975772866,0.15008039698471165,0.17499999999999852,0.17506396042981523,0.154100904645706,0.1750332594235032,2,700,250,100,0.005,,0.02
500,105,53,52,20,2.6,39,13,37.142857142857146,12.380952380952381,60.0,73.12738095238058,-0.011455130058371316,0.010307082403800016,0.16366831391966652,0.1533612315158665,0.17499999999999838,0.17051633410295497,0.16109154331871653,0.17254667337708784,2,700,250,100,0.005,,0.02
550,27,16,11,6,1.8333333333333333,2,9,7.407407407407407,33.333333333333336,7.407407407407407,21.308333333333305,-0.002397697814496058,-0.05755932664800882,0.0864754098360656,0.14403473648407442,0.0,0.1359671021807507,0.13356940436625464,0.1359671021807507,2,700,250,100,0.005,,0.02
600,27,16,11,6,1.8333333333333333,2,9,7.407407407407407,33.333333333333336,7.407407407407407,29.456481481481436,-0.007872839050763386,-0.07130191271092068,0.07741090146750526,0.14871281417842594,0.0,0.14362166909993102,0.13574883004916763,0.14362166909993102,2,700,250,100,0.005,,0.02
650,30,18,12,7,1.7142857142857142,3,9,10.0,30.0,10.0,30.898333333333273,-0.017540132016566054,-0.1272025949352225,0.024905123339658428,0.15210771827488095,0.0,0.13784720155764138,0.12030706954107533,0.13784720155764138,2,700,250,100,0.005,,0.02
0,100,62,38,12,3.1666666666666665,38,0,38.0,0.0,71.0,0.1335,-0.12618845500848896,0.05526315789473685,0.05526315789473685,0.0,0.17500000000000002,0.18879310344827588,0.05526315789473685,0.1814516129032258,0,700,250,100,0.005,,0.05
50,100,51,49,16,3.0625,45,4,45.0,4.0,71.0,6.839999999999999,-0.09943977591036415,-0.09973856209150328,0.07526143790849671,0.175,0.17499999999999996,0.19099999999999995,0.0834033613445378,0.18284313725490195,0,700,250,100,0.005,,0.05
100,104,51,53,17,3.1176470588235294,49,4,47.11538461538461,3.8461538461538463,72.11538461538461,13.059134615384629,-0.10506899191583971,-0.10516265912305535,0.06983734087694497,0.17500000000000032,0.17500000000000038,0.19099999999999986,0.07777414533906235,0.18284313725490206,0,700,250,100,0.005,,0.05
150,95,51,44,20,2.2,40,4,42.10526315789474,4.2105263157894735,69.47368421052632,21.755526315789503,-0.06979376940420956,-0.06814569536423869,0.10685430463576177,0.17500000000000046,0.17500000000000046,0.19099999999999986,0.11304936785069258,0.18284313725490214,0,700,250,100,0.005,,0.05
200,104,49,55,26,2.1153846153846154,45,10,43.26923076923077,9.615384615384615,68.26923076923077,24.971875000000033,-0.06620875215757953,-0.043841901603095576,0.10329740187949156,0.14713930348258714,0.17500000000000016,0.18027795803590752,0.11126865671641802,0.17747740887399754,0,700,250,100,0.005,,0.05
250,102,49,53,28,1.8928571428571428,43,10,42.15686274509804,9.803921568627452,67.6470588235294,33.426225490196074,-0.04309618343662766,-0.021169650556985053,0.13151959247090342,0.15268924302788847,0.17499999999999963,0.1826909752295173,0.13551386616090064,0.1786100495975283,0,700,250,100,0.005,,0.05
300,109,49,60,32,1.875,50,10,45.87155963302752,9.174311926605505,69.72477064220183,39.36055045871555,-0.04476696835064786,-0.026155103359173232,0.13024024547803603,0.15639534883720926,0.17499999999999918,0.18430232558139617,0.13459942937123157,0.17936639772187943,0,700,250,100,0.005,,0.05
350,116,52,64,34,1.8823529411764706,54,10,46.55172413793103,8.620689655172415,68.96551724137932,43.321982758620614,-0.0372043341029607,-0.030447165406907867,0.128598418638676,0.15904558404558386,0.1749999999999989,0.16612024467293324,0.13335578823350536,0.17056012233646606,0,700,250,100,0.005,,0.05
400,116,52,64,36,1.7777777777777777,54,10,46.55172413793103,8.620689655172415,68.96551724137932,51.828017241379186,-0.03285401803939986,-0.021793761931466066,0.1392411507867378,0.16103491271820386,0.17499999999999868,0.17600088825585966,0.14264642608852937,0.17550044412792923,0,700,250,100,0.005,,0.05
450,120,52,68,40,1.7,58,10,48.333333333333336,8.333333333333334,70.0,58.60770833333313,-0.031080007583944996,-0.020030994949789216,0.14255215360896817,0.16258314855875738,0.17499999999999855,0.17815579148870692,0.14549788816040773,0.17657789574435273,0,700,250,100,0.005,,0.05
500,124,53,71,42,1.6904761904761905,59,12,47.58064516129032,9.67741935483871,68.54838709677419,63.541129032257786,-0.029327573640216542,-0.0063880555654491356,0.1460396647514918,0.15242772031694093,0.17499999999999835,0.17784023025958623,0.14711933611466627,0.1764469097548828,0,700,250,100,0.005,,0.05
550,56,10,46,33,1.393939393939394,37,9,66.07142857142857,16.071428571428573,66.07142857142857,29.654017857142744,-0.0018216063951821404,-0.014221183307840002,0.13145728276885568,0.14567846607669568,0.0,0.13606129459383262,0.13423968819865048,0.13606129459383262,0,700,250,100,0.005,,0.05
600,55,10,45,33,1.3636363636363635,36,9,65.45454545454545,16.363636363636363,65.45454545454545,38.30045454545438,-0.0004655122044756044,-0.012035135727071905,0.1392482781215589,0.1512834138486308,0.0,0.14212081747144892,0.1416553052669733,0.14212081747144892,0,700,250,100,0.005,,0.05
650,57,9,48,33,1.4545454545454546,37,11,64.91228070175438,19.29824561403509,64.91228070175438,38.89692982456121,-0.02364428826259868,-0.018283128847954452,0.12494999207541545,0.1432331209233699,0.0,0.152784164032337,0.12913987576973832,0.152784164032337,0,700,250,100,0.005,,0.05
0,100,63,37,13,2.8461538461538463,37,0,37.0,0.0,73.0,0.14175000000000001,-0.10595238095238091,0.07500000000000001,0.07500000000000001,0.0,0.175,0.1888888888888889,0.07500000000000001,0.18095238095238092,1,700,250,100,0.005,,0.05
50,100,48,52,18,2.888888888888889,47,5,47.0,5.0,73.0,7.183749999999998,-0.08068203242835593,-0.08062161034626619,0.0943783896537338,0.175,0.17499999999999996,0.19204545454545444,0.10213046757164403,0.18281249999999996,1,700,250,100,0.005,,0.05
100,107,48,59,21,2.8095238095238093,54,5,50.467289719626166,4.672897196261682,74.76635514018692,13.364953271028051,-0.08577860169491522,-0.0851851851851854,0.08981481481481492,0.17500000000000032,0.17500000000000038,0.19204545454545438,0.09703389830508491,0.18281250000000013,1,700,250,100,0.005,,0.05
150,111,48,63,26,2.423076923076923,58,5,52.252252252252255,4.504504504504505,75.67567567567568,19.66824324324327,-0.07138077499211604,-0.06904829869833326,0.1059517013016672,0.17500000000000046,0.17500000000000046,0.19204545454545432,0.11143172500788415,0.18281250000000018,1,700,250,100,0.005,,0.05
200,126,46,80,35,2.2857142857142856,68,12,53.96825396825397,9.523809523809524,74.60317460317461,22.604166666666696,-0.06505103558295486,-0.03309372256365235,0.1070804067895816,0.14017412935323395,0.17500000000000016,0.17981965174129363,0.11204446517412947,0.17709550075708433,1,700,250,100,0.005,,0.05
250,134,46,88,41,2.1463414634146343,76,12,56.71641791044776,8.955223880597014,76.11940298507463,28.634701492537307,-0.05290910789574835,-0.025147913220412738,0.12196364056444786,0.1471115537848606,0.17499999999999963,0.18259462151394482,0.1253929014581405,0.17830200935388885,1,700,250,100,0.005,,0.05
300,155,46,109,50,2.18,97,12,62.58064516129032,7.741935483870968,79.35483870967742,31.90354838709674,-0.051023370774456095,-0.026586866801383724,0.12515731924512782,0.15174418604651155,0.17499999999999918,0.1844476744186055,0.12808431375537194,0.17910768452982803,1,700,250,100,0.005,,0.05
350,197,44,153,71,2.1549295774647885,136,17,69.03553299492386,8.629441624365482,82.23350253807106,31.05672588832482,-0.05315011818767809,-0.01741752463808849,0.12507032520270242,0.1424878498407909,0.1749999999999989,0.18760288065843733,0.1270056057180456,0.18015572390572368,1,700,250,100,0.005,,0.05
400,238,43,195,90,2.1666666666666665,178,17,74.78991596638656,7.142857142857143,85.29411764705883,32.39915966386547,-0.05108333636301521,-0.028116600095407923,0.12746187258698308,0.155578472682391,0.17499999999999868,0.18932473268247454,0.12991306336453148,0.1809963997275467,1,700,250,100,0.005,,0.05
450,283,41,242,113,2.1415929203539825,225,17,79.50530035335689,6.007067137809187,87.63250883392226,34.05759717314478,-0.04734510642805273,-0.025560743480771864,0.13264257700390583,0.1582033204846777,0.17499999999999852,0.19045078815840202,0.1344381664219766,0.18178327285002932,1,700,250,100,0.005,,0.05
500,361,40,321,145,2.213793103448276,299,22,82.82548476454294,6.094182825484765,88.6426592797784,32.783587257617626,-0.04096510088457367,-0.027335090584956923,0.12870155666644018,0.1560366472513971,0.1749999999999984,0.16771598010654057,0.13057498966603226,0.17154009055060593,1,700,250,100,0.005,,0.05
550,358,2,356,166,2.144578313253012,339,17,94.6927374301676,4.748603351955308,94.6927374301676,19.567527932960864,-0.046777467184525745,-0.035702521817902844,0.12651763711068675,0.1622201589285896,0.0,0.175,0.12822253281547424,0.175,1,700,250,100,0.005,,0.05
600,465,2,463,211,2.1943127962085307,446,17,95.91397849462365,3.6559139784946235,95.91397849462365,20.30521505376341,-0.05033000679690387,-0.0405007545268148,0.12318292446237107,0.16368367898918587,0.0,0.17500000000000032,0.12466999320309645,0.17500000000000032,1,700,250,100,0.005,,0.05
650,586,2,584,261,2.2375478927203063,565,19,96.41638225255973,3.242320819112628,96.41638225255973,20.528455631399286,-0.05462951794825044,-0.04707633668814033,0.1188388889060742,0.16591522559421454,0.0,0.17500000000000046,0.12037048205175002,0.17500000000000046,1,700,250,100,0.005,,0.05
0,100,55,45,15,3.0,44,1,44.0,1.0,73.0,0.14350000000000004,-0.08414141414141417,-0.07954545454545457,0.09545454545454544,0.17500000000000002,0.175,0.18846153846153849,0.0972222222222222,0.18136363636363637,2,700,250,100,0.005,,0.05
50,100,47,53,17,3.1176470588235294,49,4,49.0,4.0,73.0,7.232749999999997,-0.07665694539558095,-0.07485994397759103,0.10014005602240895,0.175,0.17499999999999996,0.1902173913043477,0.10578986311505732,0.18244680851063827,2,700,250,100,0.005,,0.05
100,104,47,57,18,3.1666666666666665,53,4,50.96153846153846,3.8461538461538463,74.03846153846153,13.587740384615403,-0.08742335879724585,-0.08601251634597437,0.08898748365402595,0.17500000000000032,0.17500000000000035,0.19021739130434775,0.09502344971339256,0.1824468085106384,2,700,250,100,0.005,,0.05
150,99,47,52,20,2.6,48,4,48.484848484848484,4.040404040404041,72.72727272727273,21.921717171717205,-0.061327985280887815,-0.05837127483443731,0.11662872516556315,0.17500000000000046,0.17500000000000046,0.1902173913043477,0.12111882322975065,0.18244680851063846,2,700,250,100,0.005,,0.05
200,109,52,57,25,2.28,52,5,47.706422018348626,4.587155963302752,69.72477064220183,25.161009174311957,-0.03722996857816188,-0.050523823191733666,0.12447617680826649,0.17500000000000016,0.17500000000000018,0.1585421108742006,0.12890809112333085,0.16613805970149273,2,700,250,100,0.005,,0.05
250,111,52,59,26,2.269230769230769,54,5,48.648648648648646,4.504504504504505,70.27027027027027,32.623873873873855,-0.04178882726767483,-0.05184229412317047,0.12315770587682927,0.17499999999999974,0.1749999999999996,0.16448847467273806,0.12755112063303015,0.16933994790070497,2,700,250,100,0.005,,0.05
300,111,52,59,26,2.269230769230769,54,5,48.648648648648646,4.504504504504505,70.27027027027027,40.59684684684678,-0.04158639328203345,-0.04928500254537624,0.1257149974546232,0.17499999999999943,0.17499999999999918,0.16845930232558212,0.1298916925855873,0.17147808586762076,2,700,250,100,0.005,,0.05
350,114,51,63,31,2.032258064516129,52,11,45.6140350877193,9.649122807017545,66.66666666666667,44.97478070175427,-0.03473066779303838,-0.014231455408108523,0.13286288864514675,0.14709434405325528,0.1749999999999989,0.1657036703820337,0.13534774593862606,0.17007841373166444,2,700,250,100,0.005,,0.05
400,119,50,69,35,1.9714285714285715,54,15,45.378151260504204,12.605042016806722,65.54621848739495,50.61323529411748,-0.033715799757960574,-0.00392570573401671,0.13721840024962498,0.1411441059836417,0.17499999999999868,0.16882233518767276,0.13807181453962863,0.1717876142975892,2,700,250,100,0.005,,0.05
450,122,50,72,37,1.945945945945946,57,15,46.721311475409834,12.295081967213115,66.39344262295081,57.512704918032554,-0.03792199357716458,-0.014392786940019858,0.13219836379616084,0.1465911507361807,0.17499999999999852,0.17138241279326338,0.13519686107533166,0.17311885465249624,2,700,250,100,0.005,,0.05
500,126,51,75,40,1.875,58,17,46.03174603174603,13.492063492063492,65.07936507936508,61.977380952380656,-0.032661140918467474,-0.016984052704058228,0.1363855847419507,0.15336963744600893,0.17499999999999838,0.17102661696075108,0.1402353033548706,0.17289644427333808,2,700,250,100,0.005,,0.05
550,61,15,46,26,1.7692307692307692,34,12,55.73770491803279,19.672131147540984,55.73770491803279,24.983196721311412,-0.03501257146744864,-0.07880279187309887,0.07768944448126443,0.1564922363543633,0.0,0.13325926600256494,0.0982466945351163,0.13325926600256494,2,700,250,100,0.005,,0.05
600,54,15,39,25,1.56,27,12,50.0,22.22222222222222,50.0,35.65648148148136,-0.021919509200030315,-0.056491878865294304,0.1021618781829578,0.1586537570482521,0.0,0.14146350395692484,0.11954399475689452,0.14146350395692484,2,700,250,100,0.005,,0.05
650,56,15,41,27,1.5185185185185186,26,15,46.42857142857143,26.785714285714285,46.42857142857143,30.255357142857065,-0.030558484764252367,-0.0730938617177541,0.07877969999811858,0.15187356171587268,0.0,0.13607984148837854,0.10552135672412617,0.13607984148837854,2,700,250,100,0.005,,0.05
0,100,62,38,12,3.1666666666666665,38,0,38.0,0.0,71.0,0.1685,-0.03408319185059425,0.14736842105263157,0.14736842105263157,0.0,0.17500000000000002,0.18879310344827588,0.14736842105263157,0.1814516129032258,0,700,250,100,0.005,,0.1
50,104,53,51,16,3.1875,47,4,45.19230769230769,3.8461538461538463,72.11538461538461,8.113605769230766,-0.03464636242954447,0.014131727158948643,0.1490091781393408,0.13487745098039217,0.17499999999999996,0.19099999999999995,0.14790080738177624,0.18254716981132071,0,700,250,100,0.005,,0.1
100,116,53,63,19,3.3157894736842106,59,4,50.86206896551724,3.4482758620689653,75.0,15.194956896551743,-0.029625591939247686,0.021184972310790362,0.15426665547910745,0.1330816831683171,0.1750000000000004,0.19099999999999986,0.15292157787207314,0.18254716981132083,0,700,250,100,0.005,,0.1
150,138,53,85,26,3.269230769230769,81,4,58.69565217391305,2.898550724637681,78.98550724637681,20.959891304347856,-0.015779347450588288,0.02686483116670743,0.16803204970975413,0.1411672185430467,0.1750000000000005,0.19099999999999986,0.16676782236073265,0.18254716981132094,0,700,250,100,0.005,,0.1
200,187,53,134,41,3.268292682926829,125,9,66.84491978609626,4.81283422459893,81.81818181818181,21.894331550802168,-0.001996200355586286,0.023382421227197414,0.17160796019900512,0.1482255389718077,0.17500000000000013,0.1687114427860698,0.17003749907180532,0.1720336994273916,0,700,250,100,0.005,,0.1
250,239,52,187,54,3.462962962962963,176,11,73.64016736401673,4.602510460251046,84.93723849372385,24.97861924686192,-0.005379436593404313,0.021638106664252088,0.17000464052879397,0.14836653386454188,0.17499999999999963,0.17315139442231128,0.1687318107250144,0.1741112473184187,0,700,250,100,0.005,,0.1
300,352,49,303,82,3.6951219512195124,290,13,82.38636363636364,3.6931818181818183,89.20454545454545,24.229872159090892,-0.005344544461645978,0.012230250880703286,0.17074971591179622,0.15851946503109293,0.17499999999999918,0.1761162790697683,0.17022498567599048,0.17556953013763646,0,700,250,100,0.005,,0.1
350,540,39,501,131,3.8244274809160306,480,21,88.88888888888889,3.888888888888889,92.03703703703704,22.093222222222202,-0.019075351349940983,0.020792724320886108,0.1629733561460548,0.14218063182516869,0.1749999999999989,0.18595041322314146,0.16210180482721526,0.18117715617715624,0,700,250,100,0.005,,0.1
400,818,27,791,201,3.9353233830845773,765,26,93.52078239608802,3.1784841075794623,94.49877750611248,21.253808068459634,-0.02737748149889857,0.02524163104818475,0.16326702030359408,0.13802538925540933,0.17499999999999868,0.19605263157894867,0.1624373333159167,0.18981481481481527,0,700,250,100,0.005,,0.1
450,1289,16,1273,317,4.0157728706624605,1235,38,95.81070597362296,2.948021722265322,95.81070597362296,19.958622963537604,-0.0396655682041438,0.024516602866420795,0.1610662706873928,0.136549667820972,0.0,0.20000000000000165,0.16033443179585785,0.20000000000000165,0,700,250,100,0.005,,0.1
500,2035,16,2019,499,4.046092184368738,1970,49,96.80589680589681,2.407862407862408,96.80589680589681,19.095434889434863,-0.03942935641063963,0.02685691000410581,0.16122244576380548,0.13436553575969967,0.0,0.20000000000000176,0.16057064358936213,0.20000000000000176,0,700,250,100,0.005,,0.1
550,3027,0,3027,754,4.014588859416445,2968,59,98.05087545424513,1.9491245457548727,98.05087545424513,16.925109018830515,0.1623510391197773,0.024261384442707146,0.16282392371909007,0.13856253927638293,0.0,0.0,0.1623510391197773,0.0,0,700,250,100,0.005,,0.1
600,4944,0,4944,1228,4.026058631921824,4863,81,98.3616504854369,1.6383495145631068,98.3616504854369,16.78061387540452,0.16333286419127527,0.02178881365375618,0.16368984111400064,0.14190102746024447,0.0,0.0,0.16333286419127527,0.0,0,700,250,100,0.005,,0.1
650,8087,0,8087,2005,4.033416458852868,7969,118,98.54086805984915,1.4591319401508593,98.54086805984915,16.50143048514075,0.16349116868006552,0.027599352528179133,0.16389387964807903,0.1362945271198999,0.0,0.0,0.16349116868006552,0.0,0,700,250,100,0.005,,0.1
0,100,62,38,13,2.923076923076923,38,0,38.0,0.0,73.0,0.18575000000000003,0.012372665534804789,0.19342105263157894,0.19342105263157894,0.0,0.175,0.1888888888888889,0.19342105263157894,0.18104838709677415,1,700,250,100,0.005,,0.1
50,105,48,57,21,2.7142857142857144,54,3,51.42857142857143,2.857142857142857,74.28571428571429,8.595714285714283,-0.006539710182318442,0.001343500363108291,0.17634350036310825,0.17499999999999996,0.17499999999999996,0.19062499999999993,0.17627278981768152,0.18281249999999996,1,700,250,100,0.005,,0.1
100,127,48,79,27,2.925925925925926,76,3,59.84251968503937,2.3622047244094486,78.74015748031496,15.227952755905529,0.0021205453980160105,0.010325139295305874,0.18532513929530622,0.17500000000000035,0.17500000000000035,0.19062499999999985,0.18493304539801614,0.18281250000000013,1,700,250,100,0.005,,0.1
150,156,48,108,38,2.8421052631578947,105,3,67.3076923076923,1.9230769230769231,82.6923076923077,20.810897435897456,0.01902456300769015,0.027603836236480994,0.20260383623648145,0.17500000000000046,0.17500000000000046,0.1906249999999999,0.20183706300769033,0.18281250000000018,1,700,250,100,0.005,,0.1
200,209,43,166,60,2.7666666666666666,152,14,72.72727272727273,6.698564593301436,84.21052631578948,22.703588516746425,0.012692064454313257,0.05977611724962445,0.1949751222247489,0.13519900497512444,0.17500000000000018,0.18007331762241438,0.189933762938636,0.17724169848432275,1,700,250,100,0.005,,0.1
250,284,40,244,82,2.975609756097561,229,15,80.63380281690141,5.28169014084507,88.02816901408451,25.142987089201867,0.013628670170767132,0.06004814793042168,0.1961174654316587,0.13606931750123702,0.17499999999999966,0.18299433843573137,0.1924259809277393,0.17879731075697217,1,700,250,100,0.005,,0.1
300,414,37,377,123,3.065040650406504,356,21,85.99033816425121,5.072463768115942,90.57971014492753,25.272504025764867,0.008368492883263856,0.04810859568090178,0.19366927511870732,0.14556067943780554,0.1749999999999992,0.19066537467700348,0.1909894859693733,0.18262099308610943,1,700,250,100,0.005,,0.1
350,616,31,585,185,3.1621621621621623,558,26,90.58441558441558,4.220779220779221,93.01948051948052,24.69586038961035,0.0036721354233884562,0.04523456326519776,0.1927827771595656,0.14754821389436784,0.1749999999999989,0.19843750000000127,0.19076890961693693,0.18709677419354848,1,700,250,100,0.005,,0.1
400,919,23,896,281,3.188612099644128,862,31,93.79760609357997,3.373231773667029,94.55930359085963,24.50066557852735,0.008189986411548555,0.0445236727545926,0.19567699156946053,0.15115331881486793,0.17499999999999868,0.19072824889867984,0.19413137694976018,0.18594139053821163,1,700,250,100,0.005,,0.1
450,1393,17,1376,428,3.2149532710280373,1336,34,95.908111988514,2.440775305096913,96.05168700646088,24.1697319932998,-0.001127807983233614,0.044371503804029766,0.19703220615153494,0.15266070234750517,0.17499999999999852,0.2000000000000016,0.19593101554617942,0.19705882352941304,1,700,250,100,0.005,,0.1
500,2182,16,2166,665,3.257142857142857,2113,44,96.8377635197067,2.016498625114574,96.88359303391384,23.21921326000608,-0.004504534719814046,0.03744769234238163,0.19469684959315217,0.15724915725077054,0.17499999999999838,0.20000000000000184,0.1939329652801875,0.19843750000000154,1,700,250,100,0.005,,0.1
550,3319,0,3319,1030,3.2223300970873785,3251,51,97.95119011750528,1.5366074118710455,97.95119011750528,20.626264939238705,0.19566174718285062,0.027500513191876907,0.19608649768944836,0.16858598449757145,0.0,0.0,0.19566174718285062,0.0,1,700,250,100,0.005,,0.1
600,5306,0,5306,1640,3.2353658536585366,5204,74,98.07764794572182,1.394647568790049,98.07764794572182,20.280323847216966,0.19503446006333378,0.026652517926315733,0.19540814068602178,0.16875562275970604,0.0,0.0,0.19503446006333378,0.0,1,700,250,100,0.005,,0.1
650,8336,0,8336,2572,3.2410575427682735,8167,119,97.97264875239924,1.4275431861804222,97.97264875239924,20.30598588451693,0.1932502833254158,0.026942536697792507,0.19363722055291244,0.16669468385511993,0.0,0.0,0.1932502833254158,0.0,1,700,250,100,0.005,,0.1
0,100,55,45,15,3.0,45,0,45.0,0.0,73.0,0.17850000000000005,-0.006363636363636405,0.175,0.175,0.0,0.175,0.18796296296296297,0.175,0.1813636363636364,2,700,250,100,0.005,,0.1
50,104,45,59,19,3.1052631578947367,57,2,54.80769230769231,1.9230769230769231,74.03846153846153,8.414423076923073,-0.03135703999113765,-0.024406604747161997,0.150593395252838,0.175,0.17499999999999996,0.18899999999999995,0.1514207377866401,0.18277777777777776,2,700,250,100,0.005,,0.1
100,126,45,81,24,3.375,79,2,62.698412698412696,1.5873015873015872,78.57142857142857,14.812698412698431,-0.025929592959295922,-0.018611354806366887,0.15638864519363344,0.17500000000000032,0.17500000000000032,0.18899999999999992,0.156848184818482,0.18277777777777793,2,700,250,100,0.005,,0.1
150,169,45,124,34,3.6470588235294117,122,2,72.18934911242603,1.183431952662722,84.02366863905326,17.83372781065091,-0.02878691044173845,-0.02135354467484557,0.1536464553251549,0.17500000000000046,0.17500000000000043,0.18899999999999995,0.1539908673360395,0.18277777777777796,2,700,250,100,0.005,,0.1
200,217,42,175,50,3.5,167,8,76.95852534562212,3.686635944700461,85.25345622119816,19.277764976958544,-0.01720563847429521,-0.0049527810051537835,0.15263428367146317,0.15758706467661696,0.1750000000000002,0.16636608623548935,0.15286069651741307,0.17006633499170828,2,700,250,100,0.005,,0.1
250,289,41,248,67,3.701492537313433,239,9,82.69896193771626,3.114186851211073,88.92733564013841,21.384515570934255,-0.025407938575273264,6.82532538371361e-05,0.14996865166021178,0.14990039840637465,0.17499999999999963,0.17566689762688428,0.14996617472761284,0.1753741133028861,2,700,250,100,0.005,,0.1
300,445,33,412,103,4.0,397,15,89.21348314606742,3.3707865168539324,92.13483146067416,19.867921348314592,-0.03343909675940929,0.005224079809941107,0.14671938784747698,0.14149530803753588,0.1749999999999992,0.18319767441860546,0.14652919076701798,0.17996828752642727,2,700,250,100,0.005,,0.1
350,674,16,658,160,4.1125,636,22,94.3620178041543,3.264094955489614,94.51038575667656,18.589688427299684,-0.053919542022332456,-0.0014304532280229043,0.1429076312739961,0.14433808450201902,0.1749999999999989,0.1983333333333346,0.14295545797766862,0.19687500000000108,2,700,250,100,0.005,,0.1
400,1021,14,1007,243,4.1440329218107,981,26,96.08227228207639,2.546523016650343,96.08227228207639,17.962463271302628,-0.05632885747954114,0.0005590122727511526,0.14368557580654925,0.1431265635337981,0.0,0.20000000000000148,0.14367114252046034,0.20000000000000148,2,700,250,100,0.005,,0.1
450,1567,14,1553,368,4.220108695652174,1523,30,97.19208679004467,1.9144862795149968,97.19208679004467,17.512093171665583,-0.05721888656182253,0.003079682987050497,0.1428406050605947,0.1397609220735442,0.0,0.2000000000000016,0.14278111343817906,0.2000000000000016,2,700,250,100,0.005,,0.1
500,2481,14,2467,582,4.238831615120275,2435,32,98.14590890769851,1.2898024989923418,98.14590890769851,16.899405481660605,-0.05622624949127833,-0.002527725838924161,0.14374096282050072,0.14626868865942488,0.0,0.20000000000000182,0.14377375050872349,0.20000000000000182,2,700,250,100,0.005,,0.1
550,3928,0,3928,924,4.251082251082251,3879,46,98.75254582484725,1.1710794297352343,98.75254582484725,14.614536659877794,0.14400579868006516,-0.001067559985255817,0.1439932871490278,0.1450608471342836,0.0,0.0,0.14400579868006516,0.0,2,700,250,100,0.005,,0.1
600,6290,0,6290,1477,4.258632362897766,6214,71,98.79173290937997,1.1287758346581875,98.79173290937997,14.690834658187597,0.14451004360632416,0.00625394120092268,0.14458069274320012,0.13832675154227744,0.0,0.0,0.14451004360632416,0.0,2,700,250,100,0.005,,0.1
650,9999,0,9999,2353,4.249468763280918,9882,106,98.82988298829883,1.06010601060106,98.82988298829883,14.975501050105006,0.14684944515655138,0.01821415114814165,0.14704274712107912,0.12882859597293747,0.0,0.0,0.14684944515655138,0.0,2,700,250,100,0.005,,0.1
0,100,62,38,12,3.1666666666666665,38,0,38.0,0.0,71.0,0.20600000000000002,0.06460101867572163,0.24605263157894744,0.24605263157894744,0.0,0.17500000000000002,0.18879310344827588,0.24605263157894744,0.1814516129032258,0,700,250,100,0.005,,0.15
50,108,55,53,15,3.533333333333333,52,1,48.148148148148145,0.9259259259259259,73.14814814814815,10.06898148148148,0.06897588537988109,0.07771493212669695,0.25271493212669693,0.175,0.17499999999999996,0.18928571428571425,0.25124861265260834,0.18227272727272725,0,700,250,100,0.005,,0.15
100,138,55,83,22,3.772727272727273,82,1,59.42028985507246,0.7246376811594203,78.98550724637681,18.021557971014506,0.09698290913428698,0.10552704660709955,0.2805270466070999,0.17500000000000032,0.17500000000000038,0.1892857142857142,0.27925563640701434,0.18227272727272736,0,700,250,100,0.005,,0.15
150,184,55,129,34,3.7941176470588234,128,1,69.56521739130434,0.5434782608695652,84.23913043478261,23.820516304347834,0.10978795346036976,0.11797521730132401,0.2929752173013245,0.17500000000000046,0.1750000000000005,0.1892857142857142,0.2920606807330972,0.18227272727272745,0,700,250,100,0.005,,0.15
200,233,53,180,48,3.75,169,11,72.53218884120172,4.721030042918455,83.2618025751073,29.066952789699563,0.11501769430636613,0.17329761541448443,0.29764180356464287,0.12434418815015844,0.17500000000000018,0.1693852167732766,0.2870513937337577,0.17203369942739158,0,700,250,100,0.005,,0.15
250,342,48,294,74,3.972972972972973,279,15,81.57894736842105,4.385964912280702,88.01169590643275,31.361330409356697,0.10219226008405699,0.15815976759315178,0.2889468949458103,0.1307871273526585,0.17499999999999966,0.18180355501072684,0.2808775190482005,0.17868525896414353,0,700,250,100,0.005,,0.15
300,520,36,484,116,4.172413793103448,463,21,89.03846153846153,4.038461538461538,91.73076923076923,31.61105769230765,0.09813016633161453,0.1439251762972274,0.2879019855158866,0.14397680921865919,0.1749999999999992,0.18895348837209386,0.28165729811456053,0.183527131782946,0,700,250,100,0.005,,0.15
350,816,21,795,187,4.251336898395722,757,38,92.76960784313725,4.6568627450980395,93.38235294117646,30.896825980392112,0.08329189365611636,0.1491414626399964,0.284468287018604,0.1353268243786076,0.1749999999999989,0.20000000000000132,0.2773395127037362,0.19404761904761983,0,700,250,100,0.005,,0.15
400,1303,16,1287,297,4.333333333333333,1238,49,95.01151189562547,3.760552570990023,95.01151189562547,30.023396009209474,0.07615649576915753,0.12700326339340018,0.280991895851736,0.15398863245833583,0.0,0.20000000000000148,0.276156495769159,0.20000000000000148,0,700,250,100,0.005,,0.15
450,2024,16,2008,458,4.384279475982533,1942,66,95.94861660079052,3.260869565217391,95.94861660079052,30.391249999999957,0.07672460139530488,0.12790151395451227,0.280928535618911,0.15302702166439874,0.0,0.20000000000000165,0.2767246013953065,0.20000000000000165,0,700,250,100,0.005,,0.15
500,3187,16,3171,722,4.39196675900277,3078,92,96.57985566363351,2.88672732977722,96.57985566363351,30.697994979604605,0.07823671582568473,0.11824638729424136,0.28166847217618185,0.1634220848819405,0.0,0.20000000000000176,0.2782367158256865,0.20000000000000176,0,700,250,100,0.005,,0.15
550,5150,0,5150,1174,4.386712095400341,5018,130,97.4368932038835,2.5242718446601944,97.4368932038835,28.11750790568652,0.28046624185002533,0.11405651621753485,0.28334645690602367,0.16928994068848882,0.0,0.0,0.28046624185002533,0.0,0,700,250,100,0.005,,0.15
600,8408,0,8408,1906,4.411332633788038,8204,200,97.57373929590865,2.378686964795433,97.57373929590865,27.98551824226357,0.2806637236701949,0.11469470325509712,0.2833932501636527,0.16869854690855557,0.0,0.0,0.2806637236701949,0.0,0,700,250,100,0.005,,0.15
650,9998,0,9998,2272,4.400528169014085,9753,239,97.5495099019804,2.3904780956191236,97.5495099019804,36.68606803503554,0.2839068664439081,0.11416627996870302,0.28663762514211866,0.17247134517341564,0.0,0.0,0.2839068664439081,0.0,0,700,250,100,0.005,,0.15
0,100,63,37,13,2.8461538461538463,37,0,37.0,0.0,73.0,0.23125,0.13593951093951112,0.31689189189189204,0.31689189189189204,0.0,0.175,0.1888888888888889,0.31689189189189204,0.18095238095238092,1,700,250,100,0.005,,0.15
50,113,52,61,20,3.05,57,4,50.442477876106196,3.5398230088495577,76.10619469026548,10.697345132743365,0.11477496105630164,0.1305469556243551,0.3055469556243551,0.175,0.17499999999999993,0.19130434782608685,0.29698649951784006,0.18221153846153842,1,700,250,100,0.005,,0.15
100,144,52,92,29,3.1724137931034484,88,4,61.111111111111114,2.7777777777777777,81.25,19.567361111111115,0.1269959787575747,0.14030785891089081,0.31530785891089114,0.17500000000000032,0.1750000000000004,0.19130434782608677,0.30920751721911327,0.18221153846153856,1,700,250,100,0.005,,0.15
150,182,52,130,39,3.3333333333333335,126,4,69.23076923076923,2.197802197802198,85.16483516483517,27.601373626373622,0.12351707048308111,0.13487872351428973,0.3098787235142902,0.17500000000000046,0.1750000000000005,0.19130434782608677,0.30572860894461973,0.18221153846153862,1,700,250,100,0.005,,0.15
200,253,54,199,60,3.316666666666667,192,7,75.88932806324111,2.766798418972332,86.56126482213439,31.341205533596824,0.16027898985086717,0.17790368566716072,0.3330031881547231,0.15509950248756235,0.17500000000000016,0.1579325594250969,0.3267452695634158,0.16646627971254865,1,700,250,100,0.005,,0.15
250,357,49,308,91,3.3846153846153846,297,10,83.19327731092437,2.8011204481792715,89.35574229691876,35.156652661064385,0.16845959617279696,0.15791899668430182,0.34259695153157926,0.18467795484727745,0.17499999999999966,0.16409915891987653,0.3374530102715043,0.16899341409870736,1,700,250,100,0.005,,0.15
300,510,45,465,135,3.4444444444444446,450,14,88.23529411764706,2.7450980392156863,91.96078431372548,38.34794117647054,0.17573518728183765,0.16605841661029128,0.3516758030997706,0.1856173864894793,0.1749999999999992,0.1679561717352423,0.34666541983997734,0.1709302325581397,1,700,250,100,0.005,,0.15
350,811,28,783,227,3.449339207048458,751,30,92.60172626387177,3.6991368680641186,93.9580764488286,37.06234073160702,0.15330346612792212,0.17199222996783853,0.3454539361695809,0.1734617062017424,0.1749999999999989,0.19236634824870236,0.3388473204217767,0.18554385429385456,1,700,250,100,0.005,,0.15
400,1293,19,1274,363,3.509641873278237,1232,39,95.28228924980665,3.0162412993039442,95.59164733178655,35.88846352152613,0.13675245942173395,0.17243465692833546,0.3367803728253498,0.16434571589701433,0.17499999999999868,0.20000000000000148,0.331489301526998,0.19473684210526407,1,700,250,100,0.005,,0.15
450,1984,15,1969,556,3.54136690647482,1915,48,96.52217741935483,2.4193548387096775,96.52217741935483,36.20055863575266,0.12958690418319044,0.1596729231309463,0.3334912853906731,0.17381836225972677,0.0,0.2000000000000016,0.32958690418319203,0.2000000000000016,1,700,250,100,0.005,,0.15
500,3068,15,3053,870,3.5091954022988507,2982,64,97.19687092568448,2.0860495436766624,97.19687092568448,36.35288461538459,0.13327974012870925,0.14263860485877966,0.3362767429885148,0.19363813812973513,0.0,0.20000000000000184,0.3332797401287111,0.20000000000000184,1,700,250,100,0.005,,0.15
550,4746,0,4746,1365,3.476923076923077,4645,89,97.87189211967973,1.8752633796881584,97.87189211967973,34.489090813316444,0.33358540224321925,0.15027311078935932,0.33641056212075465,0.18613745133139534,0.0,0.0,0.33358540224321925,0.0,1,700,250,100,0.005,,0.15
600,7538,0,7538,2168,3.476937269372694,7372,136,97.79782435659327,1.804192093393473,97.79782435659327,34.465142389670085,0.33349282750501535,0.14650793163238893,0.3361466738957992,0.1896387422634103,0.0,0.0,0.33349282750501535,0.0,1,700,250,100,0.005,,0.15
650,10000,0,10000,2879,3.473428273706148,9798,168,97.98,1.68,97.98,40.45051699999997,0.334317636135006,0.14280842014960524,0.3367250026396351,0.19391658249002988,0.0,0.0,0.334317636135006,0.0,1,700,250,100,0.005,,0.15
0,100,56,44,15,2.933333333333333,44,0,44.0,0.0,73.0,0.21600000000000003,0.07897727272727276,0.2602272727272728,0.2602272727272728,0.0,0.175,0.18796296296296297,0.2602272727272728,0.18125000000000005,2,700,250,100,0.005,,0.15
50,112,46,66,21,3.142857142857143,62,4,55.357142857142854,3.5714285714285716,75.89285714285714,9.419419642857141,0.04058649151360158,0.054592030360531396,0.22650379506641377,0.17191176470588238,0.17499999999999993,0.1902173913043477,0.22319518716577547,0.18260869565217389,2,700,250,100,0.005,,0.15
100,126,46,80,24,3.3333333333333335,75,5,59.523809523809526,3.9682539682539684,77.77777777777777,18.114087301587308,0.04018789204230988,0.05252644978783591,0.22607949080622367,0.17355304101838775,0.17500000000000032,0.19021739130434775,0.2227965876944839,0.18260869565217402,2,700,250,100,0.005,,0.15
150,165,46,119,33,3.606060606060606,113,6,68.48484848484848,3.6363636363636362,82.42424242424242,22.870454545454557,0.0638974399146355,0.08106967561390119,0.25059368223641804,0.16952400662251685,0.1750000000000004,0.1902173913043477,0.2465061355668096,0.18260869565217408,2,700,250,100,0.005,,0.15
200,205,47,158,44,3.590909090909091,147,11,71.70731707317073,5.365853658536586,82.92682926829268,27.354756097560976,0.0820635322191259,0.10277746362416978,0.2603420331211824,0.15756456949701264,0.1750000000000002,0.16740775290215604,0.2531866400840567,0.17112310786493082,2,700,250,100,0.005,,0.15
250,291,47,244,64,3.8125,231,13,79.38144329896907,4.4673539518900345,87.2852233676976,29.241838487972473,0.08485185119814889,0.1039730963494444,0.26387618568067484,0.15990308933123043,0.17499999999999966,0.17203270252324088,0.25833663546533553,0.17348478426718664,2,700,250,100,0.005,,0.15
300,396,43,353,89,3.966292134831461,334,19,84.34343434343434,4.797979797979798,89.39393939393939,32.1301767676767,0.08396383021011863,0.10814010903197188,0.26701533829182,0.15887522925984812,0.1749999999999992,0.17917087967644157,0.26119476585100565,0.17723093564088702,2,700,250,100,0.005,,0.15
350,586,25,561,138,4.065217391304348,526,35,89.76109215017065,5.972696245733788,91.29692832764505,32.29961604095556,0.07684214365138622,0.12206166359868625,0.2744573989561174,0.15239573535743117,0.1749999999999989,0.19843750000000113,0.26684214365138653,0.1900000000000003,2,700,250,100,0.005,,0.15
400,926,17,909,217,4.188940092165899,859,50,92.7645788336933,5.399568034557236,92.9805615550756,31.225901727861714,0.07314839737043,0.11993807544082238,0.2768044747744755,0.15686639933365312,0.17499999999999868,0.20000000000000143,0.27020722089984284,0.19705882352941284,2,700,250,100,0.005,,0.15
450,1447,15,1432,335,4.2746268656716415,1364,67,94.26399447131998,4.630269523151347,94.26399447131998,30.858479612992348,0.06944789620222216,0.11752493282513035,0.274950461191241,0.15742552836611065,0.0,0.20000000000000154,0.2694478962022237,0.20000000000000154,2,700,250,100,0.005,,0.15
500,2263,15,2248,521,4.314779270633397,2155,92,95.22757401679186,4.065399911621741,95.22757401679186,30.92747017233756,0.07645830622406691,0.12191155271106699,0.2814497894681355,0.1595382367570685,0.0,0.2000000000000018,0.2764583062240687,0.2000000000000018,2,700,250,100,0.005,,0.15
550,3575,1,3574,825,4.332121212121212,3438,132,96.16783216783217,3.6923076923076925,96.16783216783217,27.943274825174786,0.08220013084146571,0.12553934062010055,0.28684192158708427,0.16130258096698372,0.0,0.2000000000000014,0.2822001308414671,0.2000000000000014,2,700,250,100,0.005,,0.15
600,5769,1,5768,1328,4.343373493975903,5557,201,96.32518634078697,3.484139365574623,96.32518634078697,28.20842621482633,0.08160829833661831,0.12342547514658034,0.2859168291640708,0.16249135401749046,0.0,0.20000000000000157,0.2816082983366199,0.20000000000000157,2,700,250,100,0.005,,0.15
650,9332,1,9331,2148,4.344040968342644,9006,306,96.50664380625804,3.279039862837548,96.50664380625804,28.488552918274003,0.08396757605739871,0.12343943502319257,0.2880238976979821,0.16458446267478952,0.0,0.2000000000000017,0.2839675760574004,0.2000000000000017,2,700,250,100,0.005,,0.15
0,100,62,38,12,3.1666666666666665,38,0,38.0,0.0,71.0,0.28099999999999997,0.2619694397283532,0.443421052631579,0.443421052631579,0.0,0.17500000000000002,0.18879310344827588,0.443421052631579,0.1814516129032258,0,700,250,100,0.005,,0.25
50,123,54,69,19,3.6315789473684212,68,1,55.28455284552845,0.8130081300813008,76.42276422764228,12.842886178861786,0.2705977076821068,0.28209342560553646,0.45709342560553645,0.175,0.17499999999999996,0.18928571428571425,0.4530051150895142,0.18240740740740738,0,700,250,100,0.005,,0.25
100,145,54,91,24,3.7916666666666665,90,1,62.06896551724138,0.6896551724137931,80.0,26.31706896551723,0.2898943007853896,0.30060506050605007,0.4756050605060504,0.17500000000000032,0.17500000000000038,0.1892857142857142,0.47230170819279704,0.1824074074074075,0,700,250,100,0.005,,0.25
150,185,54,131,34,3.8529411764705883,130,1,70.27027027027027,0.5405405405405406,84.32432432432432,38.97891891891888,0.38690405308498366,0.39734462557310135,0.5723446255731018,0.17500000000000046,0.17500000000000046,0.1892857142857142,0.5693114604923912,0.18240740740740757,0,700,250,100,0.005,,0.25
200,261,55,206,52,3.9615384615384617,197,9,75.47892720306514,3.4482758620689653,85.05747126436782,45.83113026819919,0.3778447022786924,0.435376482840528,0.5639419886448399,0.1285655058043119,0.17500000000000018,0.1604726368159205,0.5449206859964674,0.16707598371777502,0,700,250,100,0.005,,0.25
250,366,42,324,79,4.10126582278481,305,19,83.33333333333333,5.191256830601093,88.52459016393442,53.783265027322365,0.36219628507887713,0.3988193872532457,0.5621395237725594,0.16332013651931368,0.17499999999999963,0.1778408106703626,0.538751967112647,0.17655568203376978,0,700,250,100,0.005,,0.25
300,576,36,540,123,4.390243902439025,516,24,89.58333333333333,4.166666666666667,91.84027777777777,55.11705729166663,0.36002614809878175,0.354139421041604,0.5541248510494684,0.19998543000786442,0.1749999999999992,0.1802578361981808,0.5383853212253971,0.17835917312661528,0,700,250,100,0.005,,0.25
350,950,24,926,204,4.53921568627451,887,39,93.36842105263158,4.105263157894737,93.89473684210526,53.71752631578947,0.3381389689046106,0.30856878053008274,0.5374679519169793,0.22889917138689653,0.1749999999999989,0.1893155018694288,0.5244720745512415,0.1863331056466309,0,700,250,100,0.005,,0.25
400,1582,17,1565,337,4.643916913946588,1511,54,95.51201011378002,3.413400758533502,95.51201011378002,52.09427939317321,0.3210020217546936,0.2828461295754596,0.5307615687176821,0.2479154391422225,0.0,0.20000000000000137,0.521002021754695,0.20000000000000137,0,700,250,100,0.005,,0.25
450,2499,17,2482,528,4.700757575757576,2400,82,96.03841536614645,3.281312525010004,96.03841536614645,53.40241096438578,0.3220237734269955,0.26704337134411066,0.5308463183303883,0.26380294698627765,0.0,0.20000000000000154,0.522023773426997,0.20000000000000154,0,700,250,100,0.005,,0.25
500,3965,17,3948,834,4.733812949640288,3814,134,96.19167717528373,3.3795712484237073,96.19167717528373,54.65735182849939,0.3180104516765384,0.24681561645703304,0.5263876787801982,0.27957206232316517,0.0,0.20000000000000165,0.51801045167654,0.20000000000000165,0,700,250,100,0.005,,0.25
550,6444,1,6443,1362,4.730543318649046,6227,215,96.63252638112974,3.3364369956548727,96.63252638112974,52.29524262141233,0.3231224465498123,0.2260902031704896,0.5306681456621468,0.3045779424916572,0.0,0.20000000000000046,0.5231224465498128,0.20000000000000046,0,700,250,100,0.005,,0.25
600,10000,1,9999,2115,4.727659574468085,9670,327,96.7,3.27,96.7,55.1278294404762,0.32994074811680024,0.2273638782793027,0.5373777780455129,0.3100138997662102,0.0,0.2000000000000009,0.5299407481168011,0.2000000000000009,0,700,250,100,0.005,,0.25
650,9999,1,9998,2122,4.711592836946277,9670,326,96.70967096709671,3.26032603260326,96.70967096709671,80.4190219855319,0.33025807035874544,0.22596615203392845,0.5376275146927862,0.3116613626588578,0.0,0.2000000000000012,0.5302580703587466,0.2000000000000012,0,700,250,100,0.005,,0.25
0,100,62,38,13,2.923076923076923,37,1,37.0,1.0,73.0,0.32375,0.375530560271647,0.391891891891892,0.566891891891892,0.17500000000000002,0.175,0.18942307692307694,0.5565789473684212,0.18104838709677415,1,700,250,100,0.005,,0.25
50,111,50,61,21,2.9047619047619047,55,6,49.549549549549546,5.405405405405405,75.67567567567568,15.28986486486486,0.3086242365798778,0.3280300059417707,0.5233894830659537,0.19535947712418303,0.17499999999999993,0.19285714285714275,0.49112423657987775,0.18249999999999994,1,700,250,100,0.005,,0.25
100,139,50,89,30,2.966666666666667,81,8,58.273381294964025,5.755395683453237,79.13669064748201,29.005215827338123,0.3275419743789414,0.3329666064897084,0.5399715569847581,0.2070049504950497,0.1750000000000004,0.19285714285714267,0.5100419743789415,0.18250000000000008,1,700,250,100,0.005,,0.25
150,172,50,122,41,2.975609756097561,112,10,65.11627906976744,5.813953488372093,81.97674418604652,43.74927325581395,0.4113332479508194,0.41403548331066664,0.6277705826484151,0.21373509933774848,0.1750000000000005,0.1928571428571426,0.5938332479508196,0.1825000000000002,1,700,250,100,0.005,,0.25
200,238,49,189,63,3.0,169,20,71.00840336134453,8.403361344537815,82.77310924369748,51.98991596638659,0.44088403358861683,0.47250372971989507,0.6650087048442732,0.1925049751243781,0.17500000000000013,0.1729566453447052,0.6150083101649192,0.17412427657630236,1,700,250,100,0.005,,0.25
250,343,44,299,96,3.1145833333333335,272,27,79.30029154518951,7.871720116618076,86.29737609329446,58.172667638484,0.4548835546104848,0.4919160063459175,0.6777561642328881,0.18584015788697061,0.1749999999999996,0.18259462151394482,0.6333356552986413,0.1784521006881565,1,700,250,100,0.005,,0.25
300,482,38,444,139,3.194244604316547,399,45,82.78008298755186,9.336099585062241,87.13692946058092,65.67438796680503,0.42783793734101205,0.44825781167117895,0.6556899129441605,0.20743210127298153,0.17499999999999924,0.19158686730506252,0.6102583779774869,0.18242044063647492,1,700,250,100,0.005,,0.25
350,742,30,712,224,3.1785714285714284,643,69,86.65768194070081,9.299191374663073,88.67924528301887,66.65263477088955,0.43192735410439703,0.4317630604864091,0.6612695608088383,0.22950650032242917,0.1749999999999989,0.2000000000000014,0.6194273541043971,0.18750000000000006,1,700,250,100,0.005,,0.25
400,1123,19,1104,344,3.2093023255813953,1006,98,89.58147818343723,8.726625111308994,89.93766696349066,68.1254674977739,0.42238458582191984,0.4223231374120668,0.6546102571539798,0.23228711974191302,0.17499999999999868,0.20000000000000148,0.6171214279271839,0.19473684210526407,1,700,250,100,0.005,,0.25
450,1747,15,1732,544,3.1838235294117645,1593,139,91.18488838008014,7.95649685174585,91.18488838008014,67.8914090822363,0.43290277813565337,0.4349580102360263,0.6678099163705322,0.23285190613450588,0.0,0.2000000000000016,0.632902778135655,0.2000000000000016,1,700,250,100,0.005,,0.25
500,2712,15,2697,850,3.172941176470588,2493,202,91.92477876106194,7.448377581120944,91.92477876106194,68.24346730580146,0.43513114102431305,0.43103239293088014,0.6674385782681136,0.23640618533723348,0.0,0.20000000000000184,0.6351311410243149,0.20000000000000184,1,700,250,100,0.005,,0.25
550,4156,0,4156,1332,3.12012012012012,3853,300,92.70933589990375,7.218479307025986,92.70933589990375,65.67096888033375,0.6464067650712014,0.4275387661264686,0.6772908560507199,0.24975208992425138,0.0,0.0,0.6464067650712014,0.0,1,700,250,100,0.005,,0.25
600,6676,0,6676,2136,3.1254681647940075,6190,478,92.7201917315758,7.159976033553026,92.7201917315758,65.25325144797291,0.6438944954880141,0.41827534617416334,0.6738788409396114,0.255603494765448,0.0,0.0,0.6438944954880141,0.0,1,700,250,100,0.005,,0.25
650,10000,0,10000,3183,3.1416902293433866,9289,696,92.89,6.96,92.89,68.94568141666676,0.6496138050228855,0.41497458303592794,0.6785394244312987,0.26356484139537073,0.0,0.0,0.6496138050228855,0.0,1,700,250,100,0.005,,0.25
0,100,56,44,15,2.933333333333333,41,3,41.0,3.0,73.0,0.291,0.24943181818181817,0.27439024390243905,0.44939024390243903,0.17500000000000002,0.17500000000000002,0.18958333333333333,0.4306818181818182,0.18125000000000005,2,700,250,100,0.005,,0.25
50,117,47,70,22,3.1818181818181817,64,6,54.7008547008547,5.128205128205129,76.92307692307692,14.655555555555559,0.27118764527087447,0.30475643382352946,0.4797564338235295,0.17500000000000002,0.17499999999999996,0.19166666666666657,0.45363445378151274,0.18244680851063827,2,700,250,100,0.005,,0.25
100,134,47,87,26,3.3461538461538463,81,6,60.44776119402985,4.477611940298507,79.85074626865672,29.74477611940297,0.31585465956720327,0.3472497249724966,0.5222497249724969,0.1750000000000003,0.17500000000000038,0.1916666666666665,0.4983014680778417,0.1824468085106384,2,700,250,100,0.005,,0.25
150,172,47,125,35,3.5714285714285716,119,6,69.18604651162791,3.488372093023256,84.30232558139535,42.89534883720927,0.3515651120191625,0.37711336190105094,0.5521133619010514,0.17500000000000046,0.17500000000000046,0.19166666666666649,0.534011920529801,0.18244680851063846,2,700,250,100,0.005,,0.25
200,239,48,191,52,3.673076923076923,182,9,76.15062761506276,3.7656903765690375,87.02928870292887,51.66495815899577,0.4202455083873817,0.4563322733098846,0.6158541085779886,0.15952183526810407,0.17500000000000016,0.17304952510176405,0.5943515407256904,0.17410603233830865,2,700,250,100,0.005,,0.25
250,354,42,312,80,3.9,302,10,85.31073446327683,2.824858757062147,90.96045197740114,56.99611581920901,0.4284517706356601,0.4732353941549577,0.6195800156689018,0.14634462151394406,0.17499999999999966,0.17683357479174264,0.6044122145741917,0.17596044393853164,2,700,250,100,0.005,,0.25
300,527,29,498,123,4.048780487804878,485,13,92.0303605313093,2.4667931688804554,93.54838709677419,61.382685009487645,0.40125449990525885,0.4401086490954854,0.5942589174318,0.15415026833631462,0.17499999999999918,0.1839977851605766,0.5827701374353315,0.18151563753007258,2,700,250,100,0.005,,0.25
350,857,17,840,202,4.158415841584159,818,22,95.44924154025671,2.5670945157526255,95.5659276546091,60.594282380396734,0.3998054081180225,0.4325224707904626,0.6081922011205189,0.17566973033005628,0.1749999999999989,0.19843750000000115,0.5968642316474353,0.19705882352941279,2,700,250,100,0.005,,0.25
400,1340,15,1325,317,4.17981072555205,1298,27,96.86567164179104,2.014925373134328,96.86567164179104,62.345118159204006,0.39631400042005194,0.40828236217508196,0.6046337164794701,0.1963513543043881,0.0,0.20000000000000143,0.5963140004200533,0.20000000000000143,2,700,250,100,0.005,,0.25
450,2139,15,2124,502,4.231075697211155,2088,36,97.61570827489481,1.6830294530154277,97.61570827489481,63.22200015583609,0.4054107841330222,0.3796400548399125,0.6118453613337003,0.23220530649378782,0.0,0.20000000000000157,0.6054107841330237,0.20000000000000157,2,700,250,100,0.005,,0.25
500,3574,15,3559,833,4.27250900360144,3497,61,97.84555120313374,1.7067711247901511,97.84555120313374,61.42807312068648,0.3999898807697237,0.3516285363613903,0.6060183632649601,0.25438982690356976,0.0,0.2000000000000018,0.5999898807697255,0.2000000000000018,2,700,250,100,0.005,,0.25
550,5666,1,5665,1321,4.288417865253596,5574,89,98.37627956230145,1.5707730321214262,98.37627956230145,59.735952906224284,0.40605778763751404,0.319570925694908,0.6110801807837006,0.2915092550887926,0.0,0.20000000000000145,0.6060577876375155,0.20000000000000145,2,700,250,100,0.005,,0.25
600,9322,1,9321,2165,4.305311778290993,9148,168,98.13344775799185,1.8021883715940785,98.13344775799185,59.62708878638349,0.4005689573458572,0.2992478388482414,0.6059654404852431,0.30671760163700174,0.0,0.20000000000000162,0.6005689573458588,0.20000000000000162,2,700,250,100,0.005,,0.25
650,10000,1,9999,2336,4.280393835616438,9817,177,98.17,1.77,98.17,84.5664466666667,0.4077506408347763,0.2958080483231561,0.6129895866575915,0.3171815383344354,0.0,0.20000000000000173,0.607750640834778,0.20000000000000173,2,700,250,100,0.005,,0.25
0,100,62,38,12,3.1666666666666665,38,0,38.0,0.0,71.0,0.3974999999999999,0.568548387096774,0.7499999999999999,0.7499999999999999,0.0,0.17500000000000002,0.18879310344827588,0.7499999999999999,0.1814516129032258,0,700,250,100,0.005,,0.4
50,125,49,76,23,3.3043478260869565,71,5,56.8,4.0,76.8,24.05619999999999,0.6848707904214312,0.7418392709196351,0.916839270919635,0.175,0.17499999999999996,0.19166666666666662,0.8680340557275535,0.1831632653061224,0,700,250,100,0.005,,0.4
100,165,49,116,33,3.515151515151515,111,5,67.27272727272727,3.0303030303030303,82.42424242424242,44.41106060606058,0.7512896196375436,0.7936624743555427,0.968662474355543,0.17500000000000032,0.17500000000000035,0.1916666666666665,0.9344528849436662,0.18316326530612256,0,700,250,100,0.005,,0.4
150,212,49,163,44,3.7045454545454546,158,5,74.52830188679245,2.358490566037736,86.32075471698113,66.79823113207551,0.7974445435753631,0.8311017268840639,1.0061017268840644,0.17500000000000046,0.17500000000000046,0.1916666666666665,0.9806078088814857,0.18316326530612262,0,700,250,100,0.005,,0.4
200,301,53,248,66,3.757575757575758,238,10,79.06976744186046,3.3222591362126246,87.37541528239203,80.96038205980078,0.8471187788234729,0.8339532380116234,1.047522889752917,0.21356965174129358,0.17500000000000018,0.1594349680170577,1.0138957430588997,0.16677696423542687,0,700,250,100,0.005,,0.4
250,458,42,416,106,3.9245283018867925,399,17,87.117903930131,3.7117903930131004,91.04803493449782,89.66462882096084,0.790318345256783,0.7069414542801178,0.9931074192235894,0.28616596494347163,0.17499999999999963,0.17307436918990762,0.9642179847938729,0.17389963953708984,0,700,250,100,0.005,,0.4
300,693,23,670,165,4.0606060606060606,642,28,92.64069264069263,4.040404040404041,93.21789321789322,98.96630591630606,0.8116868733692375,0.6547714327919107,1.0233527812165641,0.36858134842465345,0.17499999999999918,0.18626070991432161,0.9959891989506335,0.18430232558139598,0,700,250,100,0.005,,0.4
350,1109,18,1091,262,4.16412213740458,1045,44,94.22903516681696,3.967538322813345,94.40937781785392,101.00739404869267,0.8146752939358644,0.6487363596810891,1.0381090862462123,0.38937272656512323,0.1749999999999989,0.20000000000000132,1.0118975161580877,0.1972222222222233,0,700,250,100,0.005,,0.4
400,1750,16,1734,410,4.229268292682927,1669,62,95.37142857142857,3.5428571428571427,95.37142857142857,105.03400000000016,0.8284763212867219,0.582624309435906,1.0493444363560624,0.4667201269201564,0.0,0.20000000000000148,1.0284763212867234,0.20000000000000148,0,700,250,100,0.005,,0.4
450,2884,16,2868,673,4.261515601783061,2762,100,95.76976421636616,3.467406380027739,95.76976421636616,104.29062066574215,0.8384257729303967,0.5070777876281778,1.0561433755728924,0.5490655879447146,0.0,0.20000000000000165,1.0384257729303983,0.20000000000000165,0,700,250,100,0.005,,0.4
500,4677,16,4661,1087,4.287948482060718,4488,166,95.95894804361771,3.549283728886038,95.95894804361771,104.61769652911423,0.8342245560284893,0.4716925997198924,1.0510490020004513,0.5793564022805588,0.0,0.20000000000000176,1.034224556028491,0.20000000000000176,0,700,250,100,0.005,,0.4
550,7390,0,7390,1724,4.286542923433875,7127,248,96.44113667117726,3.3558863328822732,96.44113667117726,103.60675333462221,1.048966538197184,0.4336809129880501,1.0635499777119009,0.6298690647238507,0.0,0.0,1.048966538197184,0.0,0,700,250,100,0.005,,0.4
600,9999,0,9999,2328,4.295103092783505,9634,346,96.34963496349636,3.4603460346034605,96.34963496349636,124.16429547716695,1.065062219197674,0.4072425949370766,1.079181050645392,0.6719384557083155,0.0,0.0,1.065062219197674,0.0,0,700,250,100,0.005,,0.4
650,9997,0,9997,2333,4.285040720102872,9631,347,96.33890167050114,3.471041312393718,96.33890167050114,175.06886637419828,1.0625590872385788,0.40684068495139425,1.0767075857030137,0.6698669007516195,0.0,0.0,1.0625590872385788,0.0,0,700,250,100,0.005,,0.4
0,100,62,38,13,2.923076923076923,38,0,38.0,0.0,73.0,0.4647499999999999,0.7465831918505939,0.927631578947368,0.927631578947368,0.0,0.175,0.1888888888888889,0.927631578947368,0.18104838709677415,1,700,250,100,0.005,,0.4
50,124,48,76,27,2.814814814814815,70,6,56.45161290322581,4.838709677419355,78.2258064516129,24.54012096774193,0.6796746001031988,0.7464145658263303,0.9214145658263303,0.17500000000000002,0.17499999999999996,0.19285714285714275,0.8624871001031987,0.18281249999999996,1,700,250,100,0.005,,0.4
100,150,48,102,36,2.8333333333333335,96,6,64.0,4.0,82.0,49.30583333333333,0.7422117671325953,0.7969007838283826,0.9719007838283829,0.1750000000000003,0.17500000000000038,0.19285714285714267,0.9250242671325954,0.18281250000000013,1,700,250,100,0.005,,0.4
150,192,48,144,49,2.938775510204082,138,6,71.875,3.125,85.9375,73.83632812500007,0.8937856420161886,0.9407980612342837,1.1157980612342842,0.17500000000000046,0.1750000000000005,0.1928571428571426,1.0765981420161888,0.18281250000000016,1,700,250,100,0.005,,0.4
200,278,46,232,77,3.012987012987013,221,11,79.49640287769785,3.9568345323741005,88.48920863309353,87.7445143884893,0.932965597150942,1.007835074512501,1.1578463816133606,0.1500113071008595,0.17500000000000018,0.17959014451551775,1.1100610979080263,0.17709550075708433,1,700,250,100,0.005,,0.4
250,409,41,368,118,3.1186440677966103,352,16,86.0635696821516,3.9119804400977993,91.19804400977995,99.71913202933996,0.9151196382904498,0.8958453533101052,1.1327741296818907,0.2369287763717855,0.17499999999999966,0.18259462151394482,1.093824331711886,0.17870469342143627,1,700,250,100,0.005,,0.4
300,629,36,593,184,3.222826086956522,569,24,90.46104928457869,3.8155802861685215,93.1637519872814,103.9675278219397,0.8908044234518361,0.7747246998360131,1.102407925384709,0.32768322554869583,0.17499999999999918,0.18494492044063734,1.071053131462172,0.18024870801033602,1,700,250,100,0.005,,0.4
350,960,27,933,287,3.250871080139373,896,36,93.33333333333333,3.75,94.47916666666667,108.71434895833345,0.8642208400211726,0.7181724476255634,1.0808502955565427,0.36267784793097924,0.1749999999999989,0.1984375000000012,1.0531097289100617,0.18888888888888913,1,700,250,100,0.005,,0.4
400,1500,17,1483,446,3.3251121076233185,1433,49,95.53333333333333,3.2666666666666666,95.66666666666667,111.5417000000001,0.8511985480592624,0.691736970314046,1.0711285669634312,0.37939159664938515,0.17499999999999868,0.20000000000000148,1.0482573715886754,0.19705882352941292,1,700,250,100,0.005,,0.4
450,2423,15,2408,717,3.3584379358437935,2333,71,96.28559636813867,2.9302517540239372,96.28559636813867,110.36727197688826,0.8623854969164747,0.6833822452077432,1.0825685831934104,0.39918633798566727,0.0,0.2000000000000016,1.0623854969164763,0.2000000000000016,1,700,250,100,0.005,,0.4
500,3908,15,3893,1147,3.3940714908456844,3776,112,96.62231320368475,2.865916069600819,96.62231320368475,109.39572671443204,0.8768794632198514,0.6483617173674983,1.0955565497283821,0.44719483236088386,0.0,0.20000000000000184,1.0768794632198533,0.20000000000000184,1,700,250,100,0.005,,0.4
550,6186,0,6186,1812,3.4139072847682117,6001,170,97.00937601034595,2.748140963465891,97.00937601034595,106.01446141825637,1.0806096082782932,0.5984670957325495,1.0970963051304292,0.49862920939787964,0.0,0.0,1.0806096082782932,0.0,1,700,250,100,0.005,,0.4
600,9864,0,9864,2867,3.440530170910359,9557,281,96.88767234387673,2.848742903487429,96.88767234387673,106.96505018248186,1.072184497457772,0.565935090649488,1.0883491407259673,0.5224140500764793,0.0,0.0,1.072184497457772,0.0,1,700,250,100,0.005,,0.4
650,10000,0,10000,2914,3.4317089910775564,9689,285,96.89,2.85,96.89,155.27041516666682,1.0667831864022788,0.5629783108834227,1.082869893701434,0.5198915828180114,0.0,0.0,1.0667831864022788,0.0,1,700,250,100,0.005,,0.4
0,100,56,44,15,2.933333333333333,44,0,44.0,0.0,73.0,0.4034999999999998,0.5051136363636364,0.6863636363636364,0.6863636363636364,0.0,0.175,0.18796296296296297,0.6863636363636364,0.18125000000000005,2,700,250,100,0.005,,0.4
50,117,46,71,21,3.380952380952381,66,5,56.41025641025641,4.273504273504273,76.92307692307692,19.212820512820517,0.4356183134613303,0.423860665478312,0.648076351752822,0.22421568627450994,0.17499999999999996,0.1909090909090908,0.6182270091135041,0.18260869565217389,2,700,250,100,0.005,,0.4
100,136,46,90,25,3.6,83,7,61.029411764705884,5.147058823529412,78.67647058823529,37.96801470588234,0.4890469699143823,0.4613963633884897,0.7075420493856611,0.2461456859971714,0.17500000000000035,0.1909090909090908,0.6716556655665563,0.18260869565217402,2,700,250,100,0.005,,0.4
150,173,46,127,33,3.8484848484848486,116,11,67.05202312138728,6.358381502890174,80.92485549132948,56.231502890173466,0.5735862253469394,0.470469207374037,0.7969442224252113,0.3264750150511743,0.17500000000000046,0.19090909090909075,0.7561949209991135,0.18260869565217408,2,700,250,100,0.005,,0.4
200,249,47,202,50,4.04,179,23,71.88755020080322,9.236947791164658,81.52610441767068,66.46897590361453,0.6207419821054827,0.5506680426706243,0.8569969056023425,0.3063288629317183,0.17500000000000018,0.1720473718364699,0.7942970789616277,0.17355509685614498,2,700,250,100,0.005,,0.4
250,367,47,320,76,4.2105263157894735,286,34,77.9291553133515,9.264305177111716,84.46866485013624,74.4311307901908,0.6204321742286176,0.5233445963847889,0.8513638917523384,0.32801929536754953,0.1749999999999996,0.17566689762688428,0.7957585283864544,0.17532635415783684,2,700,250,100,0.005,,0.4
300,544,34,510,118,4.322033898305085,457,52,84.00735294117646,9.558823529411764,86.21323529411765,81.32242647058834,0.6647008901935894,0.5379125775697731,0.8967408142381669,0.35882823666839375,0.17499999999999918,0.1782241014799162,0.8417870735041232,0.17708618331053377,2,700,250,100,0.005,,0.4
350,811,18,793,181,4.3812154696132595,707,85,87.17632552404439,10.480887792848335,87.5462392108508,88.40578298397052,0.6708240925664629,0.566063657670205,0.9260203184527863,0.3599566607825813,0.1749999999999989,0.1983333333333346,0.8652685370109082,0.19444444444444528,2,700,250,100,0.005,,0.4
400,1300,15,1285,285,4.508771929824562,1147,136,88.23076923076923,10.461538461538462,88.3076923076923,90.06264230769244,0.6796558245658075,0.5511118702811842,0.9364078752477324,0.38529600496654814,0.17499999999999868,0.20000000000000148,0.8779891578991422,0.19833333333333464,2,700,250,100,0.005,,0.4
450,2124,14,2110,463,4.557235421166307,1896,211,89.26553672316385,9.934086629001884,89.26553672316385,90.33407956685508,0.7100316684607763,0.5543698925038961,0.9655475903014623,0.4111776977975662,0.0,0.2000000000000016,0.9100316684607779,0.2000000000000016,2,700,250,100,0.005,,0.4
500,3429,14,3415,744,4.59005376344086,3050,360,88.9472149314669,10.498687664041995,88.9472149314669,91.63792213473326,0.7061662545547859,0.5301693259004185,0.9621372097818115,0.4319678838813929,0.0,0.20000000000000182,0.9061662545547877,0.20000000000000182,2,700,250,100,0.005,,0.4
550,5494,0,5494,1190,4.616806722689075,4890,593,89.00618856934838,10.793593010556972,89.00618856934838,89.34111129890628,0.9145723187432231,0.5309698235939668,0.9719980173372818,0.44102819374331487,0.0,0.0,0.9145723187432231,0.0,2,700,250,100,0.005,,0.4
600,8977,0,8977,1943,4.620174987133299,8006,950,89.18346886487691,10.582599977720841,89.18346886487691,89.89359553780307,0.9179841594836767,0.5303294732696662,0.974238402405314,0.4439089291356479,0.0,0.0,0.9179841594836767,0.0,2,700,250,100,0.005,,0.4
650,9997,0,9997,2166,4.615420129270545,8911,1062,89.1367410223067,10.623186956086826,89.1367410223067,124.56729173513975,0.9234837611636231,0.5277746818562414,0.9796851761973471,0.45191049434110564,0.0,0.0,0.9234837611636231,0.0,2,700,250,100,0.005,,0.4
0,100,62,38,12,3.1666666666666665,38,0,38.0,0.0,71.0,0.5555,0.9843378607809847,1.1657894736842105,1.1657894736842105,0.0,0.17500000000000002,0.18879310344827588,1.1657894736842105,0.1814516129032258,0,700,250,100,0.005,,0.6
50,121,54,67,20,3.35,64,3,52.892561983471076,2.479338842975207,76.03305785123968,34.98615702479337,1.1028647611615119,1.1623161764705874,1.3373161764705874,0.17499999999999996,0.17499999999999996,0.19038461538461535,1.2852721685689192,0.18240740740740738,0,700,250,100,0.005,,0.6
100,158,54,104,29,3.586206896551724,101,3,63.924050632911396,1.8987341772151898,81.64556962025317,66.61471518987345,1.2058803877182593,1.2493260464660336,1.424326046466034,0.17500000000000035,0.1750000000000004,0.1903846153846152,1.388287795125667,0.1824074074074075,0,700,250,100,0.005,,0.6
150,218,53,165,43,3.8372093023255816,162,3,74.31192660550458,1.3761467889908257,86.69724770642202,93.74105504587168,1.286813656999838,1.3183304717521058,1.4933304717521063,0.17500000000000046,0.1750000000000005,0.19038461538461526,1.469360826811159,0.1825471698113209,0,700,250,100,0.005,,0.6
200,306,50,256,67,3.8208955223880596,243,13,79.41176470588235,4.248366013071895,87.90849673202614,117.36854575163416,1.2822592070638028,1.21018200757728,1.5155694835291216,0.3053874759518416,0.17500000000000016,0.16844941956882273,1.4541149284568378,0.17185572139303507,0,700,250,100,0.005,,0.6
250,455,42,413,103,4.009708737864078,394,19,86.5934065934066,4.175824175824176,90.76923076923077,133.95598901098924,1.3090575898809111,1.2154078979222913,1.5415279209716388,0.32612002304934756,0.17499999999999963,0.1778408106703626,1.4856132719146808,0.17655568203376978,0,700,250,100,0.005,,0.6
300,727,24,703,166,4.234939759036145,674,29,92.70976616231087,3.9889958734525446,93.53507565337001,139.93149931224227,1.2945416138522847,1.1859969529321734,1.5312567946490836,0.34525984171691004,0.17499999999999918,0.19205426356589242,1.4823323115267037,0.18779069767441914,0,700,250,100,0.005,,0.6
350,1117,16,1101,258,4.267441860465116,1060,41,94.89704565801253,3.6705461056401076,94.89704565801253,150.00828111011657,1.2990731714038266,1.0785904453459771,1.5392386648272474,0.4606482194812701,0.0,0.20000000000000132,1.499073171403828,0.20000000000000132,0,700,250,100,0.005,,0.6
400,1785,16,1769,410,4.314634146341463,1709,60,95.74229691876751,3.361344537815126,95.74229691876751,155.15638655462203,1.3247541366215407,0.8652742237022593,1.554102046978883,0.6888278232766238,0.0,0.20000000000000148,1.5247541366215422,0.20000000000000148,0,700,250,100,0.005,,0.6
450,2953,16,2937,673,4.364041604754829,2838,99,96.10565526583136,3.352522858110396,96.10565526583136,154.17874195733168,1.3538612798802103,0.7182557145544414,1.5780721466629462,0.8598164321085048,0.0,0.20000000000000165,1.553861279880212,0.20000000000000165,0,700,250,100,0.005,,0.6
500,4823,16,4807,1094,4.3939670932358315,4642,164,96.24714907733775,3.4003732116939664,96.24714907733775,154.26378809869388,1.3439019955241633,0.6590068611139068,1.566389953331631,0.9073830922177242,0.0,0.20000000000000176,1.543901995524165,0.20000000000000176,0,700,250,100,0.005,,0.6
550,7736,0,7736,1761,4.392958546280522,7473,260,96.60031023784902,3.360910031023785,96.60031023784902,151.1335291709756,1.541100249743881,0.5705421853982098,1.5602830983412603,0.9897409129430506,0.0,0.0,1.541100249743881,0.0,0,700,250,100,0.005,,0.6
600,9999,0,9999,2276,4.39323374340949,9666,329,96.66966696669667,3.29032903290329,96.66966696669667,188.27768343501032,1.570567115044132,0.5991660732237098,1.590289540065703,0.991123466841993,0.0,0.0,1.570567115044132,0.0,0,700,250,100,0.005,,0.6
650,10000,0,10000,2285,4.3763676148796495,9665,331,96.65,3.31,96.65,263.16575533333355,1.5663021647467181,0.5991282739016215,1.5861412462454614,0.9870129723438399,0.0,0.0,1.5663021647467181,0.0,0,700,250,100,0.005,,0.6
0,100,62,38,13,2.923076923076923,37,1,37.0,1.0,73.0,0.6527499999999999,1.241320033955857,1.2810810810810807,1.4560810810810807,0.17500000000000002,0.175,0.18942307692307694,1.422368421052631,0.18104838709677415,1,700,250,100,0.005,,0.6
50,127,51,76,24,3.1666666666666665,69,7,54.330708661417326,5.511811023622047,77.16535433070867,37.46397637795276,1.28328818369453,0.8277187106726747,1.5418783745382207,0.7141596638655461,0.17499999999999993,0.19204545454545444,1.4656411248710006,0.18235294117647052,1,700,250,100,0.005,,0.6
100,159,51,108,34,3.176470588235294,101,7,63.522012578616355,4.40251572327044,81.76100628930817,77.98757861635227,1.5567124236933507,1.0914607111347636,1.8098081887396675,0.718347477604904,0.1750000000000004,0.19204545454545438,1.7390653648698213,0.18235294117647066,1,700,250,100,0.005,,0.6
150,203,51,152,46,3.3043478260869565,141,11,69.45812807881774,5.41871921182266,83.74384236453201,120.94039408867009,1.6639349640169774,1.0522888743714458,1.9224403895229616,0.8701515151515159,0.1750000000000005,0.19204545454545432,1.8462879051934482,0.18235294117647077,1,700,250,100,0.005,,0.6
200,303,50,253,77,3.2857142857142856,234,19,77.22772277227723,6.270627062706271,86.46864686468646,144.48003300330046,1.6415955007570848,1.2333993382166992,1.9144362588765582,0.681036920659859,0.17500000000000013,0.18684984170058805,1.8218094311053437,0.18021393034825892,1,700,250,100,0.005,,0.6
250,451,40,411,123,3.341463414634146,380,31,84.25720620842571,6.873614190687362,88.470066518847,165.78891352549897,1.6340041570996757,1.2275558349740923,1.908804682026086,0.6812488470519938,0.17499999999999963,0.1887355340542597,1.816215312478162,0.18221115537848614,1,700,250,100,0.005,,0.6
300,717,29,688,204,3.372549019607843,637,51,88.84239888423988,7.112970711297071,90.51603905160391,172.7600418410042,1.6572485519186833,1.1618654130802688,1.93216830662727,0.7703028935470012,0.17499999999999918,0.1985294117647068,1.8460416553669594,0.18879310344827607,1,700,250,100,0.005,,0.6
350,1142,17,1125,326,3.450920245398773,1039,86,90.98073555166374,7.530647985989492,91.06830122591944,178.800700525394,1.597970245629774,1.0731500601492634,1.8785360175481132,0.8053859573988499,0.1749999999999989,0.20000000000000123,1.796499657394481,0.19852941176470695,1,700,250,100,0.005,,0.6
400,1843,16,1827,525,3.48,1688,138,91.58979924036896,7.4877916440586,91.58979924036896,181.18270482908295,1.5600000831554657,1.0749394823532121,1.8412386639685794,0.7662991816153671,0.0,0.2000000000000014,1.760000083155467,0.2000000000000014,1,700,250,100,0.005,,0.6
450,2940,16,2924,834,3.5059952038369304,2699,221,91.80272108843538,7.517006802721088,91.80272108843538,184.8960799319727,1.5907468062126613,1.067908436824088,1.8715713831092802,0.8036629462851921,0.0,0.20000000000000162,1.7907468062126628,0.20000000000000162,1,700,250,100,0.005,,0.6
500,4898,16,4882,1388,3.5172910662824206,4501,373,91.89465087790936,7.6153532053899555,91.89465087790936,180.77861882400973,1.5800319521880701,1.0557957296368752,1.8608304353958183,0.8050347057589432,0.0,0.20000000000000173,1.7800319521880719,0.20000000000000173,1,700,250,100,0.005,,0.6
550,7838,1,7837,2233,3.509628302731751,7221,599,92.12809390150548,7.642255677468742,92.12809390150548,176.66256515875037,1.5799108798561274,1.0674938003975813,1.8616792668686806,0.7941854664710993,0.0,0.20000000000000145,1.779910879856129,0.20000000000000145,1,700,250,100,0.005,,0.6
600,10000,1,9999,2860,3.496153846153846,9240,733,92.4,7.33,92.4,219.2104635714285,1.593747697317302,1.0850118101908452,1.873494379044957,0.7884825688541118,0.0,0.2000000000000016,1.7937476973173034,0.2000000000000016,1,700,250,100,0.005,,0.6
650,9999,1,9998,2870,3.483623693379791,9243,729,92.43924392439244,7.290729072907291,92.43924392439244,303.9051936860352,1.5901738566029033,1.087070937393999,1.869643843903369,0.7825729065093698,0.0,0.20000000000000173,1.790173856602905,0.20000000000000173,1,700,250,100,0.005,,0.6
0,100,56,44,15,2.933333333333333,44,0,44.0,0.0,73.0,0.5534999999999998,0.8460227272727271,1.0272727272727271,1.0272727272727271,0.0,0.175,0.18796296296296297,1.0272727272727271,0.18125000000000005,2,700,250,100,0.005,,0.6
50,113,43,70,21,3.3333333333333335,64,6,56.63716814159292,5.3097345132743365,75.22123893805309,30.638053097345114,0.7778968796821047,0.7124642565359474,1.0221047794117641,0.3096405228758167,0.17499999999999996,0.1909090909090908,0.9610364145658257,0.18313953488372092,2,700,250,100,0.005,,0.6
100,142,43,99,28,3.5357142857142856,92,7,64.78873239436619,4.929577464788732,79.5774647887324,60.215727699530554,1.0610549455399318,0.8585367653565847,1.3048991001963406,0.4463623348397559,0.17500000000000032,0.1909090909090908,1.2441944804236529,0.18313953488372103,2,700,250,100,0.005,,0.6
150,180,43,137,38,3.6052631578947367,129,8,71.66666666666667,4.444444444444445,83.33333333333333,93.59039814814827,1.3015406270586112,0.9858557834524991,1.542248382873865,0.5563925994213658,0.1750000000000004,0.19090909090909075,1.4846801619423322,0.18313953488372106,2,700,250,100,0.005,,0.6
200,257,43,214,59,3.6271186440677967,198,16,77.04280155642023,6.22568093385214,85.21400778210116,118.6721660181584,1.3787046553521893,1.1387867647312628,1.6372682782943992,0.4984815135631364,0.1750000000000002,0.1719131614654004,1.552125342613557,0.17342068726136775,2,700,250,100,0.005,,0.6
250,381,41,340,90,3.7777777777777777,318,22,83.46456692913385,5.774278215223097,88.71391076115485,137.2415266841647,1.392496391495528,0.9867122841825525,1.631716593774932,0.6450043095923795,0.17499999999999966,0.17573041168658754,1.567870504798414,0.17537411330288608,2,700,250,100,0.005,,0.6
300,550,26,524,134,3.91044776119403,491,33,89.27272727272727,6.0,90.9090909090909,158.811584848485,1.4475473945449002,1.0329925879774096,1.6974859921989012,0.6644934042214917,0.17499999999999918,0.19011627906976836,1.6324311154751332,0.18488372093023292,2,700,250,100,0.005,,0.6
350,877,15,862,216,3.990740740740741,813,48,92.7023945267959,5.473204104903079,92.8164196123147,166.35660965412404,1.4714734253092105,0.884247136007023,1.7191027662248184,0.8348556302177954,0.1749999999999989,0.20000000000000137,1.6698067586425451,0.19833333333333455,2,700,250,100,0.005,,0.6
400,1421,14,1407,345,4.078260869565217,1335,71,93.94792399718509,4.9964813511611545,93.94792399718509,169.56576120103225,1.5023135863119945,0.7540976239412818,1.7403939072933838,0.9862962833521021,0.0,0.20000000000000148,1.702313586311996,0.20000000000000148,2,700,250,100,0.005,,0.6
450,2267,14,2253,547,4.118829981718465,2146,105,94.66254962505514,4.631671812968681,94.66254962505514,175.25276650492583,1.5249532834360744,0.6681254265987906,1.7561186187505462,1.0879931921517556,0.0,0.2000000000000016,1.724953283436076,0.2000000000000016,2,700,250,100,0.005,,0.6
500,3734,14,3720,900,4.133333333333334,3539,176,94.7777182645956,4.713444027852169,94.7777182645956,175.1918175325835,1.5254489174447927,0.6273622728112831,1.7551705217556384,1.1278082489443553,0.0,0.20000000000000182,1.7254489174447944,0.20000000000000182,2,700,250,100,0.005,,0.6
550,5972,0,5972,1444,4.135734072022161,5693,268,95.32819825853986,4.48760884125921,95.32819825853986,172.69939088763442,1.7464796707101347,0.5457000632191014,1.7710137450169152,1.2253136817978139,0.0,0.0,1.7464796707101347,0.0,2,700,250,100,0.005,,0.6
600,9843,0,9843,2379,4.137452711223203,9362,460,95.11327847201056,4.673371939449355,95.11327847201056,171.85592780462795,1.735659352567436,0.5560323499999351,1.761700370791827,1.205668020791892,0.0,0.0,1.735659352567436,0.0,2,700,250,100,0.005,,0.6
650,10000,0,10000,2420,4.132231404958677,9511,468,95.11,4.68,95.11,253.4179752380954,1.7531105715957958,0.5652274707932756,1.7796188846864114,1.2143914138931358,0.0,0.0,1.7531105715957958,0.0,2,700,250,100,0.005,,0.6
0,100,62,38,12,3.1666666666666665,38,0,38.0,0.0,71.0,0.8715,1.815916808149406,1.9973684210526317,1.9973684210526317,0.0,0.17500000000000002,0.18879310344827588,1.9973684210526317,0.1814516129032258,0,700,250,100,0.005,,1.0
50,129,52,77,22,3.5,74,3,57.36434108527132,2.3255813953488373,77.51937984496124,55.6517441860465,1.8359160447395741,1.9112082670906199,2.093071012188659,0.1818627450980392,0.17499999999999996,0.19038461538461535,2.018608352431882,0.18269230769230765,0,700,250,100,0.005,,1.0
100,175,52,123,33,3.727272727272727,119,4,68.0,2.2857142857142856,82.85714285714286,101.91842857142869,1.9882104533155023,2.057107496463934,2.237800565770865,0.18069306930693074,0.17500000000000038,0.19038461538461526,2.17090276100781,0.18269230769230776,0,700,250,100,0.005,,1.0
150,238,52,186,48,3.875,179,7,75.21008403361344,2.9411764705882355,86.1344537815126,145.30178571428596,2.0808950668003243,2.1638051986490727,2.3450209034740492,0.18121570482497648,0.17500000000000046,0.19038461538461526,2.2635873744926323,0.18269230769230788,0,700,250,100,0.005,,1.0
200,344,54,290,75,3.8666666666666667,275,15,79.94186046511628,4.3604651162790695,87.20930232558139,177.06744186046524,2.1683491927336505,2.2926218603949966,2.4538623247399385,0.16124046434494202,0.17500000000000018,0.1599716932578488,2.335278435409162,0.16692924267551157,0,700,250,100,0.005,,1.0
250,501,39,462,116,3.9827586206896552,436,26,87.02594810379242,5.189620758483034,90.6187624750499,208.93413173652692,2.1120969066410895,2.151810968472339,2.412730196951878,0.260919228479539,0.17499999999999963,0.18342344906089986,2.291632609981574,0.17953570334048435,0,700,250,100,0.005,,1.0
300,768,27,741,178,4.162921348314606,705,36,91.796875,4.6875,92.96875,232.03476562499984,2.2226696675555586,1.9895319681031753,2.509141905921945,0.5196099378187699,0.17499999999999918,0.1972222222222232,2.412484482370374,0.1898148148148152,0,700,250,100,0.005,,1.0
350,1289,17,1272,296,4.297297297297297,1215,57,94.25911559348332,4.422032583397983,94.3366951124903,229.78192397207113,2.1697510074601047,1.714173162963792,2.4450947826595093,0.7309216196957175,0.1749999999999989,0.20000000000000132,2.3682804192248117,0.19852941176470706,0,700,250,100,0.005,,1.0
400,1953,16,1937,447,4.333333333333333,1861,76,95.28929851510496,3.8914490527393752,95.28929851510496,251.68164362519175,2.3096136184919906,1.5865212344138095,2.5718622575293946,0.9853410231155849,0.0,0.20000000000000148,2.509613618491992,0.20000000000000148,0,700,250,100,0.005,,1.0
450,3158,16,3142,717,4.382147838214784,3020,121,95.63014566181127,3.8315389487017097,95.63014566181127,257.1490579480681,2.343889784526746,1.4296432753768686,2.59896359424359,1.1693203188667212,0.0,0.20000000000000165,2.5438897845267476,0.20000000000000165,0,700,250,100,0.005,,1.0
500,5178,16,5162,1175,4.393191489361702,4979,182,96.15681730397837,3.514870606411742,96.15681730397837,256.8239040169947,2.3510165552915394,1.3321586448433007,2.5979944420114562,1.2658357971681555,0.0,0.20000000000000176,2.5510165552915414,0.20000000000000176,0,700,250,100,0.005,,1.0
550,8203,0,8203,1873,4.379604911906033,7935,266,96.732902596611,3.242716079483116,96.732902596611,253.75573590962634,2.597885773421334,1.172303330216515,2.635909512701615,1.4636061824851003,0.0,0.0,2.597885773421334,0.0,0,700,250,100,0.005,,1.0
600,9998,0,9998,2273,4.398592168939727,9663,331,96.6493298659732,3.310662132426485,96.6493298659732,331.21960575448395,2.622136420484836,1.1234420615917566,2.659344677677839,1.5359026160860825,0.0,0.0,2.622136420484836,0.0,0,700,250,100,0.005,,1.0
650,9998,0,9998,2280,4.385087719298245,9663,331,96.6493298659732,3.310662132426485,96.6493298659732,455.30676401947005,2.614046082539203,1.116819888560593,2.651035014209561,1.5342151256489678,0.0,0.0,2.614046082539203,0.0,0,700,250,100,0.005,,1.0
0,100,62,38,13,2.923076923076923,38,0,38.0,0.0,73.0,1.02875,2.230793718166383,2.4118421052631573,2.4118421052631573,0.0,0.175,0.1888888888888889,2.4118421052631573,0.18104838709677415,1,700,250,100,0.005,,1.0
50,121,50,71,24,2.9583333333333335,70,1,57.85123966942149,0.8264462809917356,77.68595041322314,67.28636363636366,2.1805695940347993,2.2193277310924393,2.394327731092439,0.175,0.17499999999999996,0.1894230769230769,2.3630695940347994,0.18249999999999997,1,700,250,100,0.005,,1.0
100,162,50,112,37,3.027027027027027,111,1,68.51851851851852,0.6172839506172839,83.33333333333333,131.61666666666682,2.5940403995756736,2.6249777004727526,2.799977700472753,0.17500000000000032,0.17500000000000035,0.1894230769230768,2.7765403995756737,0.18250000000000008,1,700,250,100,0.005,,1.0
150,209,50,159,53,3.0,158,1,75.59808612440192,0.4784688995215311,87.08133971291866,193.31949760765568,2.6946637492824266,2.719266051493075,2.894266051493075,0.17500000000000046,0.17500000000000046,0.1894230769230768,2.8771637492824267,0.1825000000000002,1,700,250,100,0.005,,1.0
200,304,47,257,85,3.023529411764706,248,9,81.57894736842105,2.960526315789474,88.48684210526316,233.3504934210525,2.7591769434679048,2.9034103959710906,3.0319759017754024,0.12856550580431186,0.1750000000000002,0.16799177190968248,2.9303000513328357,0.17112310786493082,1,700,250,100,0.005,,1.0
250,452,42,410,132,3.106060606060606,396,14,87.61061946902655,3.0973451327433628,91.3716814159292,264.8738938053094,2.8081858111032645,2.4275342702225906,3.064381626650278,0.6368473564276871,0.1749999999999996,0.17215139442231128,2.981490212545116,0.17330440144185177,1,700,250,100,0.005,,1.0
300,707,35,672,213,3.1549295774647885,648,24,91.65487977369166,3.3946251768033946,93.63507779349364,277.74133663366297,2.79226891261969,2.1737856584409654,3.050302785803213,0.8765171273622476,0.1749999999999992,0.1839977851605767,2.972667583716036,0.18039867109634575,1,700,250,100,0.005,,1.0
350,1075,19,1056,336,3.142857142857143,1014,42,94.32558139534883,3.9069767441860463,94.69767441860465,295.51546511627856,2.7424349943358846,1.9127219232036705,3.0132460038412945,1.100524080637624,0.1749999999999989,0.2000000000000014,2.9371718364411485,0.19473684210526399,1,700,250,100,0.005,,1.0
400,1685,16,1669,527,3.1669829222011385,1609,59,95.48961424332344,3.5014836795252227,95.54896142433235,302.3357270029668,2.666332385848926,1.6666176215409068,2.923720988769139,1.2571033672282321,0.17499999999999868,0.20000000000000148,2.864769885848927,0.19843750000000132,1,700,250,100,0.005,,1.0
450,2660,15,2645,830,3.1867469879518073,2562,82,96.3157894736842,3.082706766917293,96.3157894736842,305.19374999999945,2.708279028190136,1.6437175490185476,2.959256652630198,1.3155391036116506,0.0,0.2000000000000016,2.9082790281901376,0.2000000000000016,1,700,250,100,0.005,,1.0
500,4300,15,4285,1335,3.209737827715356,4152,131,96.55813953488372,3.046511627906977,96.55813953488372,301.6430058139529,2.6963149177573174,1.4954721394606378,2.9420554851795337,1.446583345718896,0.0,0.20000000000000184,2.8963149177573193,0.20000000000000184,1,700,250,100,0.005,,1.0
550,6818,0,6818,2115,3.2236406619385343,6590,222,96.65591082428865,3.2560868289821063,96.65591082428865,292.6944338515689,2.8983892221808696,1.3599822180708268,2.942710427760982,1.5827282096901554,0.0,0.0,2.8983892221808696,0.0,1,700,250,100,0.005,,1.0
600,9999,0,9999,3074,3.252765126870527,9653,335,96.53965396539654,3.35033503350335,96.53965396539654,316.92156515651516,2.9191708201196844,1.3696748835575838,2.965110055801682,1.5954351722440983,0.0,0.0,2.9191708201196844,0.0,1,700,250,100,0.005,,1.0
650,9999,0,9999,3081,3.245374878286271,9653,335,96.53965396539654,3.35033503350335,96.53965396539654,452.30992649264846,2.8878604703854998,1.3753226614361256,2.9339891339398747,1.5586664725037491,0.0,0.0,2.8878604703854998,0.0,1,700,250,100,0.005,,1.0
0,100,56,44,15,2.933333333333333,44,0,44.0,0.0,73.0,0.8534999999999999,1.5278409090909086,1.7090909090909088,1.7090909090909088,0.0,0.175,0.18796296296296297,1.7090909090909088,0.18125000000000005,2,700,250,100,0.005,,1.0
50,123,48,75,21,3.5714285714285716,72,3,58.53658536585366,2.4390243902439024,77.23577235772358,47.47154471544715,1.5236560457516342,0.5454452614379082,1.7277655228758173,1.1823202614379091,0.17499999999999993,0.18899999999999995,1.705947712418301,0.18229166666666666,2,700,250,100,0.005,,1.0
100,146,48,98,26,3.769230769230769,94,4,64.38356164383562,2.73972602739726,80.13698630136986,95.9859589041097,1.8173143143395984,0.713518801348221,2.028729197387825,1.315210396039604,0.17500000000000032,0.18899999999999992,1.9996059810062652,0.18229166666666677,2,700,250,100,0.005,,1.0
150,192,48,144,36,4.0,138,6,71.875,3.125,83.85416666666667,143.95416666666682,2.124185982339957,0.8997106248200424,2.343965591707459,1.4442549668874165,0.1750000000000004,0.18899999999999995,2.306477649006624,0.18229166666666685,2,700,250,100,0.005,,1.0
200,265,45,220,55,4.0,204,16,76.98113207547169,6.037735849056604,85.66037735849056,183.14858490566033,2.1363428438615006,1.5152921056482302,2.4262280509218614,0.9109359452736312,0.1750000000000002,0.18457711442786076,2.316024988692899,0.1796821448313987,2,700,250,100,0.005,,1.0
250,383,41,342,81,4.222222222222222,318,24,83.02872062663185,6.266318537859008,88.25065274151436,215.07780678851157,2.287202554735111,1.4048669574920836,2.566605470991701,1.1617385134996177,0.17499999999999966,0.18635458167330732,2.4680183160799753,0.1808157613448645,2,700,250,100,0.005,,1.0
300,597,34,563,128,4.3984375,525,38,87.93969849246231,6.365159128978225,90.45226130653266,230.1790201005022,2.3033556656557073,1.3545930907026753,2.577342823746011,1.222749733043336,0.17499999999999924,0.18852509179926646,2.485913805190591,0.18255813953488387,2,700,250,100,0.005,,1.0
350,940,15,925,204,4.534313725490196,858,67,91.27659574468085,7.127659574468085,91.38297872340425,245.16763297872305,2.2912061567577076,1.4317755829062446,2.593246478258305,1.1614708953520605,0.1749999999999989,0.20000000000000137,2.489539490091042,0.19833333333333455,2,700,250,100,0.005,,1.0
400,1494,15,1479,321,4.607476635514018,1380,98,92.36947791164658,6.5595716198125835,92.43641231593038,255.80788152610404,2.3543617947987086,1.3831776659935182,2.644407855647175,1.2612301896536569,0.17499999999999868,0.20000000000000148,2.552695128132043,0.19833333333333464,2,700,250,100,0.005,,1.0
450,2398,14,2384,512,4.65625,2231,150,93.03586321934945,6.255212677231026,93.03586321934945,263.20234570475355,2.4001025907614224,1.3071661620652213,2.6824524119751083,1.375286249909887,0.0,0.2000000000000016,2.600102590761424,0.2000000000000016,2,700,250,100,0.005,,1.0
500,3964,14,3950,847,4.663518299881936,3696,249,93.23915237134207,6.281533804238143,93.23915237134207,262.13047426841536,2.4316842590416425,1.299849743762549,2.7137280071270373,1.4138782633644884,0.0,0.20000000000000182,2.6316842590416445,0.20000000000000182,2,700,250,100,0.005,,1.0
550,6318,0,6318,1344,4.700892857142857,5892,412,93.25735992402659,6.52105096549541,93.25735992402659,259.47662796394246,2.645487909068287,1.2286028521492316,2.725783653847076,1.4971808016978443,0.0,0.0,2.645487909068287,0.0,2,700,250,100,0.005,,1.0
600,10000,0,10000,2123,4.710315591144607,9321,656,93.21,6.56,93.21,269.10736638888864,2.6473083234249613,1.2343289430205178,2.7284669669672548,1.494138023946737,0.0,0.0,2.6473083234249613,0.0,2,700,250,100,0.005,,1.0
650,9999,0,9999,2129,4.696571160169094,9320,656,93.2093209320932,6.560656065606561,93.2093209320932,396.56574529675134,2.6496068822424452,1.2395745848410977,2.731118603138171,1.4915440182970732,0.0,0.0,2.6496068822424452,0.0,2,700,250,100,0.005,,1.0
