tick,total_cells,lone_cells,clustered_cells,num_clusters,avg_cluster_size,cooperators,defectors,cooperator_pct,defector_pct,coop_genome_pct,mean_fitness,multi_advantage,coop_advantage,coop_rate_clustered,def_rate_clustered,coop_rate_lone,def_rate_lone,cluster_rate,lone_rate,seed,ticks,grid_size,initial_cells,mutation_rate,task_flip_period,coop_reward_scale,task_alpha,coop_cost
0,100,60,40,13,3.076923076923077,40,0,40.0,0.0,68.0,0.23600000000000002,0.06708333333333338,0.27625000000000005,0.27625000000000005,0.0,0.23571428571428574,0.18593750000000003,0.27625000000000005,0.20916666666666667,0,500,250,100,0.005,,,,0.0
50,117,49,68,21,3.238095238095238,65,3,55.55555555555556,2.5641025641025643,72.64957264957265,10.59145299145299,0.08132267612927527,0.12993212669683266,0.3049321266968326,0.17499999999999996,0.2625490196078432,0.18706896551724134,0.29919982698961944,0.21787715086034418,0,500,250,100,0.005,,,,0.0
100,145,55,90,29,3.103448275862069,87,3,60.0,2.0689655172413794,77.93103448275862,19.791551724137943,0.09040310975542015,0.1328792218302289,0.30787922183022925,0.17500000000000035,0.24202208682406726,0.18706896551724134,0.30344991443588826,0.2130468046804681,0,500,250,100,0.005,,,,0.0
150,206,51,155,50,3.1,152,3,73.7864077669903,1.4563106796116505,83.98058252427184,25.60400485436894,0.10237565758297865,0.14181223094079534,0.3168122309407958,0.17500000000000046,0.25508158614866616,0.1813189845474614,0.31406747808387725,0.2116918205008986,0,500,250,100,0.005,,,,0.0
200,327,50,277,87,3.1839080459770117,257,20,78.59327217125383,6.116207951070336,85.01529051987768,25.63853211009174,0.10652322907902517,0.2018688355844292,0.3211474425496035,0.11927860696517427,0.2686604845102312,0.15036455652770633,0.306572075359392,0.20004884628036684,0,500,250,100,0.005,,,,0.0
250,487,42,445,132,3.371212121212121,423,22,86.85831622176592,4.517453798767967,89.52772073921972,28.43588295687884,0.145732752009726,0.18759379998048908,0.3220287873039228,0.13443498732343373,0.1937613028233528,0.1550350322846548,0.3127544870801683,0.1670217350704423,0,500,250,100,0.005,,,,0.0
300,691,32,659,194,3.3969072164948453,621,38,89.86975397973951,5.499276410998553,91.31693198263386,31.897937771345852,0.11907615117942916,0.17882775091695383,0.3198467227651792,0.1410189718482254,0.24907407407407364,0.16381550009222912,0.3095349556409847,0.19045880446155555,0,500,250,100,0.005,,,,0.0
350,1046,24,1022,293,3.4880546075085324,980,42,93.69024856596559,4.015296367112811,93.78585086042065,33.82734225621412,0.15317302713840728,0.17415939378034512,0.32446803575565397,0.15030864197530885,0.1749999999999989,0.16366550252842843,0.31731080039481785,0.16413777325641057,0,500,250,100,0.005,,,,0.0
400,1572,24,1548,440,3.518181818181818,1501,47,95.48346055979644,2.989821882951654,95.48346055979644,35.652459711619976,0.16024080270906943,0.17740482636971777,0.3330914077885111,0.15568658141879332,0.0,0.16746428283178227,0.3277050855408517,0.16746428283178227,0,500,250,100,0.005,,,,0.0
450,2437,31,2406,663,3.6289592760180995,2347,58,96.30693475584735,2.379975379565039,96.30693475584735,36.55024278484472,0.18578354353922566,0.1831762318711334,0.3442607949111209,0.16108456303998747,0.0,0.1540596956760425,0.33984323921526816,0.1540596956760425,0,500,250,100,0.005,,,,0.0
0,100,60,40,14,2.857142857142857,40,0,40.0,0.0,74.0,0.21025,-0.0014583333333333393,0.20937500000000003,0.20937500000000003,0.0,0.23088235294117648,0.1846153846153846,0.20937500000000003,0.21083333333333337,1,500,250,100,0.005,,,,0.0
50,101,49,52,20,2.6,48,4,47.524752475247524,3.9603960396039604,74.25742574257426,10.123514851485153,0.03711330686120609,0.07933006535947718,0.25433006535947716,0.175,0.23128177196804653,0.18636363636363626,0.24822775263951746,0.21111444577831137,1,500,250,100,0.005,,,,0.0
100,117,53,64,24,2.6666666666666665,60,4,51.282051282051285,3.4188034188034186,76.92307692307692,18.965170940170957,0.08074490453172692,0.11860148514851482,0.29360148514851514,0.17500000000000032,0.2196177117711773,0.18695652173913044,0.2861888923267329,0.20544398779500597,1,500,250,100,0.005,,,,0.0
150,147,57,90,36,2.5,86,4,58.50340136054422,2.7210884353741496,80.95238095238095,25.00153061224492,0.06227843231458233,0.10345774779956615,0.2784577477995666,0.17500000000000046,0.2347138934887282,0.17977373068432678,0.2738596256751415,0.21158119336055917,1,500,250,100,0.005,,,,0.0
200,204,66,138,54,2.5555555555555554,125,13,61.27450980392157,6.372549019607843,79.41176470588235,27.025490196078437,0.1181958624328096,0.19313982543755456,0.32527721541076554,0.13213738997321098,0.22525887165451453,0.14248155772859833,0.30708288402896705,0.18888702159615745,1,500,250,100,0.005,,,,0.0
250,291,68,223,84,2.6547619047619047,206,17,70.79037800687286,5.841924398625429,84.5360824742268,29.99819587628864,0.1297260371762543,0.18810625906076164,0.3302963223370683,0.14219006327630665,0.211558614255819,0.1500471059485003,0.31595638330553033,0.18623034612927603,1,500,250,100,0.005,,,,0.0
300,416,65,351,126,2.7857142857142856,330,21,79.32692307692308,5.048076923076923,87.01923076923077,31.922716346153813,0.13372081317669074,0.17008036008054178,0.31850228699084093,0.14842192691029915,0.21035434899127686,0.13994039417162007,0.30832653895183415,0.1746057257751434,1,500,250,100,0.005,,,,0.0
350,575,38,537,189,2.8412698412698414,508,29,88.34782608695652,5.043478260869565,89.56521739130434,35.22543478260865,0.14311977591975983,0.16816355990474052,0.32390823030458343,0.1557446703998429,0.27764550264550225,0.14778539753212253,0.3148267717622418,0.17170699584248195,1,500,250,100,0.005,,,,0.0
400,834,30,804,274,2.934306569343066,768,36,92.0863309352518,4.316546762589928,92.2062350119904,37.065017985611455,0.177402261589525,0.1748061800113372,0.3328326023107559,0.1580264222994187,0.17499999999999868,0.14665848103378987,0.3250054599221885,0.1476031983326635,1,500,250,100,0.005,,,,0.0
450,1203,33,1170,390,3.0,1130,40,93.93183707398171,3.3250207813798838,93.93183707398171,39.27034497090601,0.17362963770900094,0.1853511787319142,0.3469774731473508,0.16162629441543658,0.0,0.16701104300307065,0.3406406807120716,0.16701104300307065,1,500,250,100,0.005,,,,0.0
0,100,57,43,14,3.0714285714285716,42,1,42.0,1.0,70.0,0.26075000000000004,0.10251937984496132,0.14761904761904768,0.3226190476190477,0.17500000000000002,0.24285714285714285,0.19137931034482758,0.319186046511628,0.2166666666666667,2,500,250,100,0.005,,,,0.0
50,119,47,72,20,3.6,67,5,56.30252100840336,4.201680672268908,74.78991596638656,10.84432773109244,0.060618162749733556,0.11146473514779054,0.28646473514779053,0.175,0.24549910873440287,0.19399999999999995,0.27872412854030504,0.21810596579057148,2,500,250,100,0.005,,,,0.0
100,150,51,99,28,3.5357142857142856,94,5,62.666666666666664,3.3333333333333335,80.0,18.458166666666678,0.08745585468551903,0.12588002048977398,0.3008800204897743,0.17500000000000032,0.21963061690784477,0.19399999999999973,0.29452244369736136,0.20706658901184233,2,500,250,100,0.005,,,,0.0
150,195,53,142,41,3.4634146341463414,137,5,70.25641025641026,2.5641025641025643,83.58974358974359,24.850897435897448,0.09846558900476166,0.1256493079236419,0.30064930792364236,0.17500000000000046,0.2154658325133697,0.18070885454991398,0.2962250365178803,0.19775944751311864,2,500,250,100,0.005,,,,0.0
200,282,52,230,66,3.484848484848485,220,10,78.01418439716312,3.5460992907801416,87.23404255319149,27.26081560283688,0.11052599382503306,0.14102304796744103,0.3020926997087347,0.16106965174129367,0.191751709098842,0.1791188289322618,0.295961262840585,0.18543526901555193,2,500,250,100,0.005,,,,0.0
250,388,46,342,96,3.5625,329,13,84.79381443298969,3.350515463917526,90.20618556701031,31.966881443298945,0.1393829722221706,0.16480040813238278,0.3312193477584936,0.16641893962611082,0.1890940405376215,0.18261354581673334,0.32495500475930944,0.18557203253713883,2,500,250,100,0.005,,,,0.0
300,584,39,545,147,3.707482993197279,528,17,90.41095890410959,2.910958904109589,92.46575342465754,33.86190068493147,0.1595928962922393,0.17581029552272223,0.33986638307402167,0.16405608755129944,0.16920733719844472,0.17727045534063132,0.33438239220450555,0.17478949591226625,2,500,250,100,0.005,,,,0.0
350,894,33,861,223,3.8609865470852016,837,24,93.6241610738255,2.684563758389262,94.29530201342281,35.511800894854545,0.17101627466387223,0.18695209269278154,0.3491640685012485,0.16221197580846694,0.16920702754035988,0.1737653763760997,0.34395286034256467,0.17293658567869244,2,500,250,100,0.005,,,,0.0
400,1394,30,1364,345,3.953623188405797,1335,29,95.76757532281205,2.0803443328550935,95.98278335724534,36.56233859397413,0.17052236874303045,0.18668906524324408,0.35285052939894657,0.1661614641557025,0.17499999999999868,0.17873218331917218,0.34888133373028524,0.1783589649872548,2,500,250,100,0.005,,,,0.0
450,2209,31,2178,542,4.018450184501845,2141,36,96.92168401991852,1.6296966953372567,96.92168401991852,36.79636713444993,0.17938945804151246,0.1854083954286742,0.35427727769116435,0.16886888226249014,0.0,0.17182181035455207,0.35121126839606454,0.17182181035455207,2,500,250,100,0.005,,,,0.0
0,100,57,43,14,3.0714285714285716,42,1,42.0,1.0,68.0,0.17200000000000007,-0.03349653202774375,-0.022619047619047594,0.15238095238095242,0.17500000000000002,0.18653846153846151,0.1862903225806452,0.15290697674418607,0.18640350877192982,0,500,250,100,0.005,,,,0.2
50,104,47,57,17,3.3529411764705883,51,6,49.03846153846154,5.769230769230769,69.23076923076923,8.244951923076924,-0.01951690343924045,-0.002066512879661614,0.1729334871203384,0.17500000000000002,0.19787581699346404,0.1884615384615384,0.17315101479188175,0.1926679182311222,0,500,250,100,0.005,,,,0.2
100,123,47,76,22,3.4545454545454546,70,6,56.91056910569106,4.878048780487805,73.98373983739837,15.329065040650411,-0.017566092395513627,0.002621943827035539,0.17762194382703583,0.1750000000000003,0.2030528052805282,0.1884615384615384,0.1774149482617436,0.19498104065725722,0,500,250,100,0.005,,,,0.2
150,167,45,122,37,3.2972972972972974,116,6,69.46107784431138,3.592814371257485,79.04191616766467,17.20029940119761,-2.2614436859497156e-05,-0.003664963007805444,0.17133503699219502,0.17500000000000046,0.185968543046358,0.16357615894039734,0.17151528107454608,0.17153789551140558,0,500,250,100,0.005,,,,0.2
200,248,50,198,58,3.413793103448276,188,10,75.80645161290323,4.032258064516129,82.25806451612904,17.312903225806448,0.0188241836120287,0.026068642410064374,0.17320794589265162,0.14713930348258725,0.16383706467661704,0.1479989757096869,0.17189134779113327,0.15306716417910457,0,500,250,100,0.005,,,,0.2
250,351,51,300,83,3.6144578313253013,286,14,81.48148148148148,3.988603988603989,86.32478632478633,19.674145299145287,0.027356675517493267,0.03210160730980338,0.18319722483968376,0.15109561752988038,0.1623595063741808,0.15033395828450918,0.18169914983189298,0.1543424743143997,0,500,250,100,0.005,,,,0.2
300,539,47,492,129,3.813953488372093,474,18,87.94063079777365,3.339517625231911,90.53803339517626,19.86669758812614,0.025074290987930486,0.02674608235184342,0.18107424772652034,0.15432816537467692,0.14842192691029885,0.15782123561193356,0.18009573251852606,0.15502144153059558,0,500,250,100,0.005,,,,0.2
350,783,29,754,199,3.7889447236180906,720,34,91.95402298850574,4.342273307790549,92.46487867177522,20.54441251596421,0.00880236464165024,0.024107716419399794,0.18042956760651552,0.15632185118711572,0.17499999999999952,0.16982653642653678,0.17934248225073357,0.17054011760908333,0,500,250,100,0.005,,,,0.2
400,1196,24,1172,302,3.880794701986755,1130,41,94.48160535117057,3.42809364548495,94.48160535117057,20.89504598662204,0.00673427083141534,0.020517414529134276,0.18231684475323306,0.1617994302240988,0.0,0.17486420159415375,0.1815984724255691,0.17486420159415375,0,500,250,100,0.005,,,,0.2
450,1871,27,1844,468,3.9401709401709404,1790,52,95.6707642971673,2.779262426509888,95.6707642971673,20.51205237840724,0.005617493086870318,0.02169513681001073,0.18087082976815827,0.15917569295814754,0.0,0.17464087896461009,0.1802583720514804,0.17464087896461009,0,500,250,100,0.005,,,,0.2
0,100,62,38,13,2.923076923076923,37,1,37.0,1.0,74.0,0.15825000000000003,-0.07166808149405778,-0.06283783783783785,0.11216216216216217,0.17500000000000002,0.18581081081081083,0.185,0.11381578947368422,0.185483870967742,1,500,250,100,0.005,,,,0.2
50,103,50,53,17,3.1176470588235294,45,8,43.689320388349515,7.766990291262136,74.75728155339806,8.857038834951457,0.002951165371809228,0.020588235294117768,0.19558823529411776,0.175,0.18988970588235296,0.1888888888888888,0.19248057713651512,0.1895294117647059,1,500,250,100,0.005,,,,0.2
100,114,50,64,20,3.2,55,9,48.24561403508772,7.894736842105263,76.3157894736842,17.518055555555563,0.010932291666666677,0.031765676567656526,0.20676567656765682,0.1750000000000003,0.19275990099009918,0.1888888888888888,0.2022986283003301,0.19136633663366343,1,500,250,100,0.005,,,,0.2
150,146,52,94,29,3.2413793103448274,85,9,58.21917808219178,6.164383561643835,80.13698630136986,20.78396118721462,0.03145234508106137,0.033320195892926285,0.2083201958929267,0.1750000000000004,0.17506553532008862,0.17145695364238409,0.20512996437126357,0.1736776192902022,1,500,250,100,0.005,,,,0.2
200,194,55,139,41,3.3902439024390243,125,14,64.43298969072166,7.216494845360825,80.41237113402062,21.81692439862542,0.04169568858441855,0.06643697346600305,0.20903647595356542,0.14259950248756237,0.17339158099445845,0.14419050580431172,0.20234498222317665,0.1606492936387581,1,500,250,100,0.005,,,,0.2
250,238,55,183,52,3.519230769230769,168,15,70.58823529411765,6.302521008403361,83.61344537815125,26.5350140056022,0.04894646286843704,0.05591431246184675,0.21604047448043892,0.16012616201859217,0.16953316765902207,0.1534404050464808,0.21145733411471385,0.1625108712462768,1,500,250,100,0.005,,,,0.2
300,330,52,278,75,3.7066666666666666,262,16,79.39393939393939,4.848484848484849,87.27272727272727,27.679570707070663,0.0678722083575777,0.0699743523017829,0.23334644532503845,0.16337209302325556,0.15991797662999988,0.1629758956011194,0.22931914447313734,0.16144693611555963,1,500,250,100,0.005,,,,0.2
350,481,42,439,116,3.7844827586206895,413,26,85.86278586278586,5.405405405405405,88.98128898128898,26.895859320859273,0.0677122064033287,0.06564774924636255,0.2283751215891193,0.16272737234275675,0.16637701804368385,0.1514403800051398,0.2244870999936628,0.15677489359033409,1,500,250,100,0.005,,,,0.2
400,704,31,673,167,4.029940119760479,643,29,91.33522727272727,4.119318181818182,92.04545454545455,27.414464962121166,0.060682175821768214,0.06255283354337235,0.22551396519699654,0.1629611316536242,0.17499999999999902,0.1596577861097338,0.2228145125589641,0.16213233673719588,1,500,250,100,0.005,,,,0.2
450,1072,34,1038,251,4.135458167330677,1001,36,93.3768656716418,3.3582089552238807,93.3768656716418,26.87281560945269,0.09293052817208403,0.059537816740812155,0.2259150032399495,0.16637718649913735,0.0,0.13091758846934165,0.22384811664142568,0.13091758846934165,1,500,250,100,0.005,,,,0.2
0,100,55,45,15,3.0,44,1,44.0,1.0,70.0,0.18275000000000005,-0.01813131313131311,-0.0022727272727272596,0.17272727272727276,0.17500000000000002,0.19038461538461535,0.19137931034482758,0.1727777777777778,0.19090909090909092,2,500,250,100,0.005,,,,0.2
50,92,46,46,15,3.066666666666667,43,3,46.73913043478261,3.260869565217391,67.3913043478261,9.023641304347827,-0.008002983802216451,0.005768353853169317,0.18076835385316928,0.17499999999999996,0.18243034055727553,0.19259259259259254,0.18039215686274518,0.18839514066496163,2,500,250,100,0.005,,,,0.2
100,122,46,76,23,3.3043478260869565,73,3,59.83606557377049,2.459016393442623,75.40983606557377,14.754508196721314,-0.01014389854317238,0.0029235046792346897,0.17792350467923504,0.17500000000000035,0.18135747785304873,0.1925925925925924,0.17780810317873896,0.18795200172191134,2,500,250,100,0.005,,,,0.2
150,158,49,109,32,3.40625,106,3,67.0886075949367,1.8987341772151898,78.48101265822785,17.930379746835445,0.022946666212213612,0.016372692867922062,0.19137269286792252,0.17500000000000046,0.1762509197939666,0.16317026276436647,0.19092206829357605,0.16797540208136244,2,500,250,100,0.005,,,,0.2
200,219,53,166,50,3.32,157,9,71.68949771689498,4.109589041095891,81.27853881278538,19.53698630136986,0.04065226919612516,0.05068235475249658,0.19472602528870456,0.14404367053620798,0.14927149964463413,0.15267412935323382,0.19197818677802705,0.1513259175819019,2,500,250,100,0.005,,,,0.2
250,289,53,236,67,3.5223880597014925,224,12,77.50865051903114,4.1522491349480966,84.77508650519032,23.98287197231832,0.03901388013620727,0.06164276423014051,0.20346713342004757,0.14182436918990707,0.15439669891861113,0.16586155378486073,0.20033275557783706,0.1613188754416298,2,500,250,100,0.005,,,,0.2
300,437,52,385,104,3.701923076923077,369,16,84.43935926773456,3.6613272311212817,88.10068649885584,24.052364607170077,0.04497971706339102,0.0521503135593841,0.20458490658263995,0.15243459302325585,0.15809800664451784,0.1571445247015676,0.20241762082432793,0.15743790376093691,2,500,250,100,0.005,,,,0.2
350,668,44,624,169,3.6923076923076925,603,21,90.26946107784431,3.143712574850299,91.61676646706587,23.70577594810377,0.04105372727444756,0.048011308399697195,0.20781662653834873,0.15980531813865154,0.17499999999999905,0.16261353998298334,0.20620086135182047,0.16514713407737291,2,500,250,100,0.005,,,,0.2
400,997,35,962,252,3.8174603174603177,931,31,93.38014042126379,3.1093279839518555,93.78134403209629,24.3483032430625,0.034620567066583424,0.03389989846638067,0.2043950316012853,0.17049513313490464,0.17499999999999868,0.16786683760470097,0.20330262323074705,0.16868205616416362,2,500,250,100,0.005,,,,0.2
450,1549,37,1512,386,3.917098445595855,1478,34,95.41639767591995,2.194964493221433,95.48095545513235,23.897444587906154,0.04409798234944007,0.040700682761531604,0.21204866763175448,0.17134798487022287,0.275,0.16403644324147174,0.2111334406384396,0.16703545828899954,2,500,250,100,0.005,,,,0.2
0,100,58,42,14,3.0,41,1,41.0,1.0,68.0,0.11200000000000004,-0.16436781609195403,-0.16219512195121952,0.012804878048780489,0.17500000000000002,0.175,0.1862903225806452,0.01666666666666667,0.1810344827586207,0,500,250,100,0.005,,,,0.5
50,78,49,29,18,1.6111111111111112,25,4,32.05128205128205,5.128205128205129,58.97435897435897,7.933974358974358,-0.05550323577706942,-0.05609803921568628,0.11890196078431371,0.175,0.17499999999999996,0.18749999999999997,0.12663962136578766,0.18214285714285708,0,500,250,100,0.005,,,,0.5
100,83,49,34,21,1.619047619047619,30,4,36.144578313253014,4.819277108433735,61.44578313253012,15.917469879518084,-0.029383684166735896,-0.025206270627062904,0.14979372937293742,0.17500000000000032,0.17500000000000032,0.18749999999999994,0.15275917297612132,0.18214285714285722,0,500,250,100,0.005,,,,0.5
150,97,52,45,26,1.7307692307692308,41,4,42.2680412371134,4.123711340206185,63.91752577319588,20.726804123711368,-0.0189157255985542,-0.023532321990337335,0.15146767800966313,0.17500000000000046,0.1750000000000004,0.1707647938474685,0.1535594399643598,0.172475165562914,0,500,250,100,0.005,,,,0.5
200,119,57,62,35,1.7714285714285714,50,12,42.016806722689076,10.084033613445378,60.50420168067227,18.480042016806756,-0.00807295051105586,0.012444721605445686,0.1410102274097576,0.12856550580431192,0.14967209407507928,0.14479033404406538,0.13860157161515527,0.14667452212621113,0,500,250,100,0.005,,,,0.5
250,133,57,76,40,1.9,64,12,48.1203007518797,9.022556390977444,64.66165413533835,24.487155388471187,-0.004230394137248822,0.014168389033730133,0.15198379408021098,0.13781540504648085,0.15471749366171672,0.15351166761525342,0.14974668002225364,0.15397707415950246,0,500,250,100,0.005,,,,0.5
300,157,62,95,48,1.9791666666666667,83,12,52.86624203821656,7.643312101910828,66.87898089171975,27.000955414012726,-0.013842884225173546,-0.00827930504773905,0.13571294301427653,0.14399224806201558,0.15808668076109914,0.146484858580311,0.13675874996767515,0.1506016341928487,0,500,250,100,0.005,,,,0.5
350,190,66,124,63,1.9682539682539681,107,17,56.31578947368421,8.947368421052632,69.47368421052632,26.008114035087683,-0.007531321694772414,-0.019117462444161126,0.1371126364329965,0.15623009887715764,0.14436109202835243,0.1490355155177256,0.13973357886485732,0.14726490055962974,0,500,250,100,0.005,,,,0.5
400,235,67,168,81,2.074074074074074,146,22,62.12765957446808,9.361702127659575,72.76595744680851,26.545709219858104,-0.022290688063428266,-0.027290027883492496,0.12277554443167407,0.15006557231516657,0.1449830490736247,0.15081663944953455,0.12634923855927427,0.14863992662270253,0,500,250,100,0.005,,,,0.5
450,278,73,205,96,2.1354166666666665,183,22,65.8273381294964,7.913669064748201,74.46043165467626,27.04016786570737,-0.02551045991710159,-0.032739176359493444,0.12110608107154527,0.15384525743103872,0.14843392616819215,0.15096075026191555,0.12461955365646653,0.15013001357356812,0,500,250,100,0.005,,,,0.5
0,100,62,38,13,2.923076923076923,37,1,37.0,1.0,74.0,0.11625000000000003,-0.165216468590832,-0.16554054054054057,0.00945945945945946,0.17500000000000002,0.175,0.185,0.013815789473684212,0.1790322580645162,1,500,250,100,0.005,,,,0.5
50,76,49,27,16,1.6875,21,6,27.63157894736842,7.894736842105263,65.78947368421052,8.267872807017541,-0.04605459467737716,-0.05265328353563653,0.12234671646436349,0.17500000000000002,0.17499999999999993,0.18749999999999992,0.13404744613894937,0.18010204081632653,1,500,250,100,0.005,,,,0.5
100,76,49,27,16,1.6875,21,6,27.63157894736842,7.894736842105263,65.78947368421052,17.030921052631598,-0.01928429237481563,-0.018234323432343325,0.15676567656765697,0.1750000000000003,0.1750000000000004,0.18749999999999994,0.16081774844151106,0.1801020408163267,1,500,250,100,0.005,,,,0.5
150,77,50,27,16,1.6875,21,6,27.272727272727273,7.792207792207792,64.93506493506493,25.26298701298706,-0.011277532499386678,-0.012196467991170079,0.16280353200883038,0.17500000000000046,0.1750000000000005,0.17926521602018286,0.16551385822909043,0.1767913907284771,1,500,250,100,0.005,,,,0.5
200,91,57,34,20,1.7,21,13,23.076923076923077,14.285714285714286,57.142857142857146,22.23928571428575,0.009685255353778233,0.02298443679040707,0.1658374792703154,0.14285304247990832,0.15253169635692518,0.14120264064293914,0.15704931226221858,0.14736405690844034,1,500,250,100,0.005,,,,0.5
250,91,57,34,20,1.7,21,13,23.076923076923077,14.285714285714286,57.142857142857146,31.195329670329656,0.006445374333419546,0.01840586372458866,0.16766268260292144,0.14925681887833278,0.15700745405474859,0.15080830524057626,0.16062514647293166,0.15417977213951212,1,500,250,100,0.005,,,,0.5
300,94,60,34,20,1.7,21,13,22.340425531914892,13.829787234042554,55.319148936170215,36.733776595744615,0.005554428668018585,0.015348411278643392,0.16888150609080782,0.15353309481216443,0.15999624906226528,0.1547458728534693,0.1630129958960324,0.15745856722801382,1,500,250,100,0.005,,,,0.5
350,103,59,44,26,1.6923076923076923,25,19,24.271844660194176,18.446601941747574,53.398058252427184,36.168689320388225,-0.01690949840398631,-0.000590505618116216,0.1456638176638169,0.1462543232819331,0.16968186134852734,0.15573842345601036,0.14591880872618526,0.16282830713017157,1,500,250,100,0.005,,,,0.5
400,103,59,44,26,1.6923076923076923,23,21,22.33009708737864,20.388349514563107,52.42718446601942,43.80898058252409,-0.010027420598116954,0.00966036149913893,0.15689659673627973,0.1472362352371408,0.16209230548569267,0.16255816267871404,0.15228596965714522,0.16231339025526217,1,500,250,100,0.005,,,,0.5
450,107,64,43,26,1.6538461538461537,22,21,20.560747663551403,19.626168224299064,49.532710280373834,48.34275700934556,0.002619872661204392,0.012871248374973165,0.16445395434755933,0.15158270597258616,0.16417737720654477,0.14744185424141,0.1581679958388515,0.1555481231776471,1,500,250,100,0.005,,,,0.5
0,100,57,43,14,3.0714285714285716,43,0,43.0,0.0,70.0,0.11675000000000002,-0.1548449612403101,0.028488372093023257,0.028488372093023257,0.0,0.175,0.19083333333333333,0.028488372093023257,0.18333333333333338,2,500,250,100,0.005,,,,0.5
50,79,47,32,16,2.0,28,4,35.44303797468354,5.063291139240507,62.0253164556962,7.9756329113924025,-0.06807781373852734,-0.06625306372549021,0.10874693627450978,0.175,0.17499999999999996,0.19326923076923072,0.11702856924019606,0.1851063829787234,2,500,250,100,0.005,,,,0.5
100,75,47,28,14,2.0,24,4,32.0,5.333333333333333,60.0,17.281000000000013,-0.031145986939119186,-0.024546204620462142,0.15045379537953818,0.17500000000000032,0.17500000000000032,0.19326923076923055,0.15396039603960424,0.18510638297872342,2,500,250,100,0.005,,,,0.5
150,79,49,30,16,1.875,26,4,32.91139240506329,5.063291139240507,59.49367088607595,23.54240506329117,-0.024895143487858457,-0.02509551706571589,0.14990448293428457,0.17500000000000046,0.1750000000000004,0.18050496688741705,0.15325055187638006,0.17814569536423852,2,500,250,100,0.005,,,,0.5
200,92,59,33,18,1.8333333333333333,29,4,31.52173913043478,4.3478260869565215,55.43478260869565,22.158967391304376,-0.009977567194279613,-0.039600553598982846,0.13539944640101736,0.1750000000000002,0.14967209407507928,0.15047734301465646,0.14019951350392437,0.15017708069820399,2,500,250,100,0.005,,,,0.5
250,90,59,31,16,1.9375,27,4,30.0,4.444444444444445,54.44444444444444,31.303333333333324,-0.0002687829166498623,-0.020708797184376126,0.15429120281562347,0.1749999999999996,0.1547174936617167,0.15872725314956404,0.15696330567812367,0.15723208859477353,2,500,250,100,0.005,,,,0.5
300,95,63,32,17,1.8823529411764706,28,4,29.473684210526315,4.2105263157894735,52.63157894736842,36.00631578947364,-0.005414453924628859,-0.024898067049229533,0.15010193295076965,0.17499999999999918,0.15808668076109908,0.15891945547362477,0.15321419133192338,0.15862864525655224,2,500,250,100,0.005,,,,0.5
350,100,59,41,24,1.7083333333333333,32,9,32.0,9.0,50.0,36.29474999999992,-0.018930625299848958,-0.01816624058887306,0.13864012718240654,0.1568063677712796,0.1614714016760794,0.1615966862405241,0.14262783853118355,0.1615584638310325,2,500,250,100,0.005,,,,0.5
400,101,55,46,27,1.7037037037037037,34,12,33.663366336633665,11.881188118811881,48.51485148514851,42.2596534653464,-0.03077151929724431,-0.022022795901319753,0.13078156198225152,0.15280435788357127,0.16677679882525603,0.16749366833835258,0.13652663917390015,0.16729815847114446,2,500,250,100,0.005,,,,0.5
450,106,64,42,24,1.75,30,12,28.30188679245283,11.320754716981131,42.45283018867924,43.99952830188664,-0.0092870057533255,-0.007774903432216346,0.14826763426588763,0.15604253769810397,0.16826113116726735,0.15717856441798286,0.1504890352465209,0.1597760409998464,2,500,250,100,0.005,,,,0.5
0,100,60,40,13,3.076923076923077,40,0,40.0,0.0,68.0,0.11200000000000004,-0.17208333333333334,0.00875,0.00875,0.0,0.175,0.18593750000000003,0.00875,0.18083333333333335,0,500,250,100,0.005,,,,1.0
50,79,49,30,15,2.0,26,4,32.91139240506329,5.063291139240507,59.49367088607595,8.036708860759491,-0.05735527544351075,-0.05793740573152342,0.11706259426847657,0.175,0.17499999999999996,0.18749999999999997,0.12478758169934633,0.18214285714285708,0,500,250,100,0.005,,,,1.0
100,79,49,30,17,1.7647058823529411,26,4,32.91139240506329,5.063291139240507,59.49367088607595,16.715822784810143,-0.025855728429985708,-0.02159177456207173,0.1534082254379286,0.17500000000000032,0.17500000000000032,0.18749999999999994,0.1562871287128715,0.18214285714285722,0,500,250,100,0.005,,,,1.0
150,82,51,31,18,1.7222222222222223,27,4,32.926829268292686,4.878048780487805,58.53658536585366,24.15304878048784,-0.008912122849566884,-0.014078979641893669,0.1609210203581068,0.17500000000000046,0.1750000000000004,0.1693046357615894,0.1627376628925447,0.1716497857421116,0,500,250,100,0.005,,,,1.0
200,94,54,40,24,1.6666666666666667,29,11,30.851063829787233,11.702127659574469,52.12765957446808,23.471010638297916,0.00033941404090673255,0.004199067359129338,0.1538711614342086,0.14967209407507925,0.16803482587064694,0.14316652033947913,0.15271641791044804,0.1523770038695413,0,500,250,100,0.005,,,,1.0
250,94,53,41,25,1.64,28,13,29.78723404255319,13.829787234042554,51.06382978723404,32.035904255319146,-0.0012415593035132177,0.011325850444376145,0.16058266932270907,0.14925681887833292,0.16942231075697187,0.15145176868284463,0.15699154601107757,0.15823310531459078,0,500,250,100,0.005,,,,1.0
300,97,57,40,24,1.6666666666666667,27,13,27.835051546391753,13.402061855670103,49.48453608247423,37.969072164948415,0.004974160206717926,0.014404028357516085,0.16793712316968074,0.15353309481216465,0.16614064230343245,0.15369724375538368,0.163255813953488,0.15828165374677008,0,500,250,100,0.005,,,,1.0
350,106,59,47,28,1.6785714285714286,29,18,27.358490566037737,16.9811320754717,46.22641509433962,38.72712264150934,-0.0014513616249399175,0.019478763090864243,0.16345628762394432,0.14397752453308008,0.16702279202279127,0.15253739250585613,0.15599633580191122,0.15744769742685114,0,500,250,100,0.005,,,,1.0
400,110,59,51,30,1.7,31,20,28.181818181818183,18.181818181818183,46.36363636363637,45.069999999999865,-0.004480547444086103,0.015010971914868998,0.15976294054102122,0.14475196862615222,0.16452618453865245,0.1551930619699431,0.15387628488813143,0.15835683233221753,0,500,250,100,0.005,,,,1.0
450,116,65,51,30,1.7,31,20,26.724137931034484,17.24137931034483,44.827586206896555,49.25711206896534,0.00018616857978434598,0.011865612598446679,0.1603251260126994,0.14845951341425273,0.16317442719881642,0.1518161925054369,0.15567194460154385,0.1554857760217595,0,500,250,100,0.005,,,,1.0
0,100,62,38,13,2.923076923076923,38,0,38.0,0.0,74.0,0.11625000000000003,-0.165216468590832,0.013815789473684212,0.013815789473684212,0.0,0.175,0.1846153846153846,0.013815789473684212,0.1790322580645162,1,500,250,100,0.005,,,,1.0
50,76,49,27,14,1.9285714285714286,23,4,30.263157894736842,5.2631578947368425,65.78947368421052,7.973684210526316,-0.04866776340165699,-0.05114236999147488,0.12385763000852511,0.175,0.17499999999999996,0.18636363636363626,0.13143427741466954,0.18010204081632653,1,500,250,100,0.005,,,,1.0
100,74,49,25,13,1.9230769230769231,21,4,28.37837837837838,5.405405405405405,64.86486486486487,16.758108108108132,-0.02890854718124869,-0.028341079005859887,0.14665892099414043,0.17500000000000032,0.17500000000000038,0.18636363636363634,0.151193493635078,0.1801020408163267,1,500,250,100,0.005,,,,1.0
150,79,53,26,14,1.8571428571428572,22,4,27.848101265822784,5.063291139240507,62.0253164556962,22.427848101265862,-0.013925240350330825,-0.025191894866789688,0.14980810513321077,0.17500000000000046,0.1750000000000005,0.15993377483443713,0.15368378126656304,0.16760902161689387,1,500,250,100,0.005,,,,1.0
200,96,63,33,18,1.8333333333333333,25,8,26.041666666666668,8.333333333333334,55.208333333333336,19.309635416666694,-0.006164961219097265,-0.005800151083551031,0.134373978269683,0.14017412935323403,0.15509950248756232,0.13142146410803124,0.135780075502059,0.14194503672115627,1,500,250,100,0.005,,,,1.0
250,96,64,32,18,1.7777777777777777,24,8,25.0,8.333333333333334,55.208333333333336,27.475260416666647,-0.005699191921274133,-0.005716867448817026,0.1413946863360435,0.14711155378486052,0.15576658881714509,0.14252134319863408,0.14282390319824778,0.14852309511952191,1,500,250,100,0.005,,,,1.0
300,98,67,31,17,1.8235294117647058,23,8,23.46938775510204,8.16326530612245,53.06122448979592,32.74515306122445,-0.005564629821634415,-0.0020407269711670006,0.14970345907534446,0.15174418604651146,0.15896150761828362,0.153377975336786,0.1502300982937102,0.15579472811534462,1,500,250,100,0.005,,,,1.0
350,113,68,45,25,1.8,32,13,28.31858407079646,11.504424778761061,52.21238938053097,29.52212389380522,-0.029933710432124616,-0.013464595027754878,0.12502433769194693,0.1384889327197018,0.16318191410783947,0.1559936605003627,0.1289141095888539,0.15884782002097853,1,500,250,100,0.005,,,,1.0
400,110,69,41,23,1.7826086956521738,26,15,23.636363636363637,13.636363636363637,49.09090909090909,37.26863636363622,-0.01523099229753025,0.005509453818181798,0.1452885469286202,0.1397790931104384,0.157944016106522,0.15888623514495773,0.1432728930927,0.15850388539023025,1,500,250,100,0.005,,,,1.0
450,118,77,41,23,1.7826086956521738,26,15,22.033898305084747,12.711864406779661,46.610169491525426,39.91885593220321,-0.011895287964187373,-0.002041331417661635,0.1428226197471022,0.14486395116476383,0.15855230499387687,0.1535993301799903,0.1435694483145394,0.15546473627872678,1,500,250,100,0.005,,,,1.0
0,100,57,43,14,3.0714285714285716,42,1,42.0,1.0,70.0,0.11675000000000002,-0.1548449612403101,-0.15000000000000002,0.025,0.17500000000000002,0.175,0.19137931034482758,0.028488372093023257,0.18333333333333338,2,500,250,100,0.005,,,,1.0
50,77,49,28,15,1.8666666666666667,24,4,31.16883116883117,5.194805194805195,61.03896103896104,8.148701298701296,-0.06133297068827534,-0.06024560866013075,0.11475439133986924,0.175,0.17499999999999993,0.19326923076923072,0.12336090686274503,0.18469387755102037,2,500,250,100,0.005,,,,1.0
100,74,49,25,13,1.9230769230769231,21,4,28.37837837837838,5.405405405405405,59.45945945945946,17.072297297297307,-0.039375038910399424,-0.035334715904022956,0.13966528409597737,0.17500000000000032,0.17500000000000032,0.19326923076923055,0.14531883864062103,0.18469387755102046,2,500,250,100,0.005,,,,1.0
150,77,50,27,16,1.6875,23,4,29.87012987012987,5.194805194805195,59.74025974025974,22.91461038961042,-0.03402738216746956,-0.03255964212403539,0.14244035787596507,0.17500000000000046,0.1750000000000004,0.18665072357125326,0.14726400856100735,0.18129139072847691,2,500,250,100,0.005,,,,1.0
200,89,58,31,18,1.7222222222222223,26,5,29.213483146067414,5.617977528089888,56.17977528089887,21.686516853932613,-0.013127802821848694,-0.04289555763691652,0.1321044423630836,0.17500000000000013,0.14597844112769506,0.15650790166812995,0.13902308069161853,0.15215088351346723,2,500,250,100,0.005,,,,1.0
250,86,59,27,16,1.6875,22,5,25.58139534883721,5.813953488372093,54.651162790697676,31.049709302325567,0.002635847069974828,-0.018571169865990417,0.15642883013400932,0.17499999999999974,0.14822709163346606,0.16385340988985247,0.15986793566474833,0.1572320885947735,2,500,250,100,0.005,,,,1.0
300,91,63,28,17,1.6470588235294117,23,5,25.274725274725274,5.4945054945054945,52.747252747252745,35.734890109890074,0.0030190409658724104,-0.023685540950454914,0.15131445904954452,0.17499999999999943,0.15267441860465092,0.15242666341704458,0.15554401993355435,0.15252497896768194,2,500,250,100,0.005,,,,1.0
350,98,66,32,20,1.6,26,6,26.53061224489796,6.122448979591836,50.0,35.9903061224489,-0.007423862546917209,-0.03081287745695055,0.14418712254304875,0.1749999999999993,0.16112659482224642,0.155388899850136,0.14996453706622698,0.1573883996131442,2,500,250,100,0.005,,,,1.0
400,97,68,29,18,1.6111111111111112,22,7,22.68041237113402,7.216494845360825,46.391752577319586,43.93298969072153,0.009783673944555482,-0.007200748129676082,0.16779925187032316,0.17499999999999924,0.16285644584191625,0.15816783632397052,0.1695373634878312,0.1597536895432757,2,500,250,100,0.005,,,,1.0
450,102,73,29,18,1.6111111111111112,22,7,21.568627450980394,6.862745098039215,44.11764705882353,46.93774509803906,0.007766158779278526,-0.006472989316670452,0.1685270106833287,0.17499999999999916,0.16420273787718034,0.1614587550742163,0.1700894563804561,0.16232329760117759,2,500,250,100,0.005,,,,1.0
0,100,59,41,13,3.1538461538461537,39,2,39.0,2.0,68.0,0.11200000000000004,-0.16812732534105002,-0.17051282051282052,0.004487179487179488,0.17500000000000002,0.175,0.1866666666666667,0.012804878048780489,0.18093220338983051,0,500,250,100,0.005,,,,2.0
50,75,50,25,16,1.5625,22,3,29.333333333333332,4.0,57.333333333333336,8.063999999999998,-0.05105882352941177,-0.05006684491978612,0.12493315508021384,0.17499999999999996,0.17499999999999996,0.18706896551724134,0.1309411764705882,0.18199999999999997,0,500,250,100,0.005,,,,2.0
100,75,50,25,17,1.4705882352941178,22,3,29.333333333333332,4.0,57.333333333333336,16.884000000000018,-0.024465346534653376,-0.019846984698470016,0.15515301530153033,0.17500000000000035,0.17500000000000032,0.18706896551724134,0.15753465346534673,0.1820000000000001,0,500,250,100,0.005,,,,2.0
150,79,52,27,19,1.4210526315789473,24,3,30.379746835443036,3.7974683544303796,56.962025316455694,23.84145569620257,-0.019961887511556226,-0.021826710816777173,0.1531732891832233,0.17500000000000046,0.1750000000000004,0.17593997009186071,0.1555984792739763,0.17556036678553252,0,500,250,100,0.005,,,,2.0
200,97,55,42,28,1.5,30,12,30.927835051546392,12.371134020618557,52.577319587628864,20.366237113402097,-0.01160834212108,0.014114369575640967,0.1426798753799529,0.12856550580431192,0.15509950248756235,0.14726368159203984,0.1386471983583412,0.1502555404794212,0,500,250,100,0.005,,,,2.0
250,96,55,41,29,1.4137931034482758,29,12,30.208333333333332,12.5,52.083333333333336,29.10338541666668,-0.010866859366703646,0.011497383333913425,0.1493127883803943,0.13781540504648088,0.15906374501992016,0.15542535739395386,0.14594770057534648,0.15681455994205012,0,500,250,100,0.005,,,,2.0
300,99,57,42,29,1.4482758620689655,30,12,30.303030303030305,12.121212121212121,50.505050505050505,35.396212121212095,-0.010812833309062991,0.0024301873675343644,0.14642243542955,0.14399224806201563,0.16104651162790656,0.1541054796868754,0.145728096181683,0.156540929490746,0,500,250,100,0.005,,,,2.0
350,108,60,48,34,1.411764705882353,30,18,27.77777777777778,16.666666666666668,49.074074074074076,34.76828703703698,-0.011444676465542841,0.010187797670435872,0.1499709568980396,0.13978315922760373,0.15429163851810754,0.15964878022469353,0.14615053277162615,0.157595209237169,0,500,250,100,0.005,,,,2.0
400,110,61,49,35,1.4,31,18,28.181818181818183,16.363636363636363,49.09090909090909,41.777727272727155,-0.01443354085371687,0.0015180409611746937,0.14735710072095962,0.14583905975978492,0.15904173129483978,0.16255928438348735,0.14679945302093625,0.16123299387465312,0,500,250,100,0.005,,,,2.0
450,111,63,48,34,1.411764705882353,30,18,27.027027027027028,16.216216216216218,47.747747747747745,48.03423423423409,-0.013116843194056427,0.003093409774391015,0.15311005122361723,0.15001664144922622,0.16190430904923514,0.16688533585652626,0.15195002255822063,0.16506686575227705,0,500,250,100,0.005,,,,2.0
0,100,62,38,13,2.923076923076923,38,0,38.0,0.0,74.0,0.11625000000000003,-0.165216468590832,0.013815789473684212,0.013815789473684212,0.0,0.175,0.1846153846153846,0.013815789473684212,0.1790322580645162,1,500,250,100,0.005,,,,2.0
50,74,50,24,14,1.7142857142857142,20,4,27.027027027027028,5.405405405405405,64.86486486486487,7.921959459459458,-0.06890931372549021,-0.07669117647058825,0.09830882352941174,0.175,0.17499999999999996,0.18636363636363626,0.11109068627450978,0.18,1,500,250,100,0.005,,,,2.0
100,73,50,23,14,1.6428571428571428,19,4,26.027397260273972,5.47945205479452,64.38356164383562,16.208561643835637,-0.05011262230805924,-0.05461001647817719,0.12038998352182313,0.17500000000000032,0.1750000000000004,0.18636363636363634,0.1298873776919409,0.18000000000000013,1,500,250,100,0.005,,,,2.0
150,76,51,25,16,1.5625,21,4,27.63157894736842,5.2631578947368425,64.47368421052632,21.77730263157899,-0.040784049541259776,-0.046461647763315045,0.12853835223668542,0.17500000000000046,0.1750000000000005,0.17889432767060193,0.1359722158788158,0.17675626542007558,1,500,250,100,0.005,,,,2.0
200,91,52,39,24,1.625,24,15,26.373626373626372,16.483516483516482,60.43956043956044,18.94835164835168,-0.031220359862504918,-0.014568853847880606,0.11399665195643129,0.1285655058043119,0.14803803562831022,0.1549277422411751,0.11960005728253921,0.15082041714504413,1,500,250,100,0.005,,,,2.0
250,90,53,37,23,1.608695652173913,22,15,24.444444444444443,16.666666666666668,60.0,27.06416666666667,-0.017652453296337273,-0.0009025306075076955,0.13691287443897318,0.13781540504648088,0.15059760956175292,0.16153481312843881,0.13727876522580065,0.15493121852213793,1,500,250,100,0.005,,,,2.0
300,94,57,37,23,1.608695652173913,22,15,23.404255319148938,15.957446808510639,57.4468085106383,32.818617021276566,-0.006177809000279699,0.0007507778860775527,0.14474302594809318,0.14399224806201563,0.1546511627906974,0.1454520530479313,0.14443865653481852,0.15061646553509822,1,500,250,100,0.005,,,,2.0
350,100,56,44,28,1.5714285714285714,25,19,25.0,19.0,56.0,33.49724999999992,-0.023233304838642443,-0.017994280763301645,0.12804720606765888,0.14604148683096052,0.1675966225776467,0.14845390946306303,0.1358174636699937,0.15905076850863614,1,500,250,100,0.005,,,,2.0
400,100,57,43,28,1.5357142857142858,24,19,24.0,19.0,56.0,40.86649999999987,-0.016154516407067415,-0.01340602949156905,0.13694785902342538,0.15035388851499443,0.16124292915561295,0.15618826195477548,0.1428714534499326,0.15902596985700002,1,500,250,100,0.005,,,,2.0
450,107,62,45,29,1.5517241379310345,26,19,24.299065420560748,17.757009345794394,53.271028037383175,43.73644859813067,-0.014752598540640038,-0.02386108805173867,0.12963012773425395,0.15349121578599262,0.1652114157617997,0.14370340003167895,0.1397048093560992,0.15445740789673923,1,500,250,100,0.005,,,,2.0
0,100,55,45,15,3.0,45,0,45.0,0.0,70.0,0.11675000000000002,-0.14863636363636365,0.035,0.035,0.0,0.175,0.19083333333333333,0.035,0.18363636363636365,2,500,250,100,0.005,,,,2.0
50,69,46,23,11,2.090909090909091,20,3,28.985507246376812,4.3478260869565215,56.52173913043478,8.79420289855072,-0.031433244375254854,-0.02427323103154308,0.15072676896845688,0.17499999999999996,0.17499999999999996,0.19259259259259254,0.15389284258126684,0.1853260869565217,2,500,250,100,0.005,,,,2.0
100,69,46,23,11,2.090909090909091,20,3,28.985507246376812,4.3478260869565215,56.52173913043478,17.634782608695662,-0.028957226425441573,-0.0214258103892582,0.15357418961074215,0.17500000000000035,0.17500000000000032,0.19259259259259243,0.15636886053108018,0.18532608695652175,2,500,250,100,0.005,,,,2.0
150,73,50,23,11,2.090909090909091,20,3,27.397260273972602,4.109589041095891,53.42465753424658,23.13047945205482,-0.009893463864094176,-0.019812086092715342,0.15518791390728512,0.17500000000000046,0.17500000000000043,0.16317026276436647,0.15777209904981318,0.16766556291390736,2,500,250,100,0.005,,,,2.0
200,85,51,34,18,1.8888888888888888,22,12,25.88235294117647,14.117647058823529,52.94117647058823,22.180882352941204,-0.00887620719929752,0.024813055932459027,0.15337856173677092,0.1285655058043119,0.13865996106424414,0.1656849680170576,0.14462101258413831,0.15349721978343583,2,500,250,100,0.005,,,,2.0
250,89,55,34,18,1.8888888888888888,22,12,24.719101123595507,13.48314606741573,51.68539325842696,28.591573033707867,-0.0016018969507956282,0.02310279859582612,0.160918203642307,0.13781540504648088,0.14246347941567067,0.1635811592340318,0.15276427472613308,0.1543661716769287,2,500,250,100,0.005,,,,2.0
300,96,62,34,18,1.8888888888888888,22,12,22.916666666666668,12.5,47.916666666666664,32.239843749999984,0.002586926425563768,0.015166697757326347,0.15915894581934198,0.14399224806201563,0.14786821705426353,0.1533353936798412,0.1538059936696974,0.15121906724413364,2,500,250,100,0.005,,,,2.0
350,103,60,43,26,1.6538461538461537,28,15,27.184466019417474,14.563106796116505,46.601941747572816,33.12597087378636,-0.021283327569239202,-0.01616534070624262,0.1277375432843607,0.14390288399060333,0.15545536033128204,0.15426223462383928,0.1333766156237477,0.1546599431929869,2,500,250,100,0.005,,,,2.0
400,101,63,38,21,1.8095238095238095,23,15,22.77227722772277,14.851485148514852,44.554455445544555,41.706930693069204,-0.004517372745531489,0.004459661376742058,0.15306176722323667,0.1486021058464946,0.15031210289144703,0.15877353213540427,0.15130137457452264,0.15581874732005413,2,500,250,100,0.005,,,,2.0
450,107,68,39,22,1.7727272727272727,24,15,22.429906542056074,14.018691588785046,42.99065420560748,44.52242990654192,-0.00520151775154265,0.004524418670669689,0.15653183513981817,0.15200741646914848,0.15460838591318996,0.1625685338407408,0.15479167411263753,0.15999319186418018,2,500,250,100,0.005,,,,2.0
0,100,60,40,13,3.076923076923077,39,1,39.0,1.0,68.0,0.11200000000000004,-0.17208333333333334,-0.17051282051282052,0.004487179487179488,0.17500000000000002,0.175,0.1862903225806452,0.00875,0.18083333333333335,0,500,250,100,0.005,,,,3.5
50,75,47,28,15,1.8666666666666667,22,6,29.333333333333332,8.0,57.333333333333336,8.343999999999994,-0.03783896537338341,-0.03868092691622113,0.13631907308377889,0.17500000000000002,0.17499999999999996,0.1884615384615384,0.14460784313725486,0.18244680851063827,0,500,250,100,0.005,,,,3.5
100,75,47,28,15,1.8666666666666667,22,6,29.333333333333332,8.0,57.333333333333336,17.287666666666684,-0.020627501579945057,-0.01677542754275435,0.15822457245724594,0.1750000000000003,0.17500000000000032,0.1884615384615384,0.16181930693069338,0.18244680851063844,0,500,250,100,0.005,,,,3.5
150,79,50,29,16,1.8125,23,6,29.11392405063291,7.594936708860759,55.69620253164557,23.19303797468358,-0.007524891527745825,-0.012798733083789371,0.1622012669162111,0.17500000000000046,0.1750000000000004,0.17047271066453532,0.16484928065768484,0.17237417218543066,0,500,250,100,0.005,,,,3.5
200,88,54,34,20,1.7,26,8,29.545454545454547,9.090909090909092,53.40909090909091,23.71136363636367,0.0012524953668960337,-0.028551452565456797,0.14644854743454333,0.17500000000000013,0.15509950248756238,0.14988692899140663,0.15316653627347437,0.15191404090657834,0,500,250,100,0.005,,,,3.5
250,88,55,33,20,1.65,25,8,28.40909090909091,9.090909090909092,52.27272727272727,32.08835227272726,0.005709887721839613,-0.017067729083665273,0.1579322709163345,0.17499999999999977,0.15906374501992013,0.15469006327630674,0.16206990220934428,0.15636001448750467,0,500,250,100,0.005,,,,3.5
300,94,59,35,21,1.6666666666666667,27,8,28.72340425531915,8.51063829787234,50.0,36.06382978723399,0.007772530177663883,-0.02272335760707847,0.15227664239292102,0.1749999999999995,0.16104651162790654,0.14387828452418502,0.1574705527031104,0.1496980225254465,0,500,250,100,0.005,,,,3.5
350,102,57,45,29,1.5517241379310345,28,17,27.45098039215686,16.666666666666668,46.07843137254902,35.19803921568619,-0.006081784276912222,-0.001106028929302616,0.1468914028916583,0.14799743182096092,0.16660293897135925,0.146785060993781,0.14730923604272822,0.15339102031964044,0,500,250,100,0.005,,,,3.5
400,106,53,53,34,1.5588235294117647,31,22,29.245283018867923,20.754716981132077,46.22641509433962,41.18018867924515,-0.010065585289900952,0.008279401110299761,0.15514595418995222,0.14686655307965246,0.16724161817677938,0.15896330402353126,0.15170922165360137,0.16177480694350233,0,500,250,100,0.005,,,,3.5
450,113,56,57,37,1.5405405405405406,35,22,30.97345132743363,19.469026548672566,46.017699115044245,44.07721238938036,-0.017913627382560804,-0.0038550827514980124,0.148127682123847,0.151982764875345,0.16769596974044504,0.1674565574520054,0.14961560879986377,0.16752923618242457,0,500,250,100,0.005,,,,3.5
0,100,62,38,13,2.923076923076923,38,0,38.0,0.0,74.0,0.11625000000000003,-0.165216468590832,0.013815789473684212,0.013815789473684212,0.0,0.175,0.1846153846153846,0.013815789473684212,0.1790322580645162,1,500,250,100,0.005,,,,3.5
50,78,47,31,18,1.7222222222222223,24,7,30.76923076923077,8.974358974358974,66.66666666666667,8.132692307692304,-0.05247284912592362,-0.060906862745098087,0.11409313725490193,0.17500000000000002,0.17499999999999996,0.18815789473684202,0.12784629981024662,0.18031914893617024,1,500,250,100,0.005,,,,3.5
100,78,47,31,19,1.631578947368421,24,7,30.76923076923077,8.974358974358974,66.66666666666667,16.713141025641043,-0.03179830894894556,-0.034202248349835096,0.1407977516501652,0.1750000000000003,0.1750000000000004,0.18815789473684205,0.1485208399872248,0.18031914893617035,1,500,250,100,0.005,,,,3.5
150,79,49,30,18,1.6666666666666667,23,7,29.11392405063291,8.860759493670885,64.55696202531645,23.189240506329163,-0.0165189677784284,-0.02343275106376186,0.1515672489362386,0.17500000000000046,0.1750000000000005,0.17162567013560398,0.1570348908511164,0.1735538586295448,1,500,250,100,0.005,,,,3.5
200,87,51,36,22,1.6363636363636365,28,8,32.18390804597701,9.195402298850574,59.770114942528735,23.848275862069006,-0.015544190949219966,-0.043398783572112604,0.13160121642788755,0.17500000000000016,0.16919568822553913,0.1457619310853142,0.14124539055502364,0.1567895815042436,1,500,250,100,0.005,,,,3.5
250,85,52,33,21,1.5714285714285714,25,8,29.41176470588235,9.411764705882353,58.8235294117647,32.759705882352904,-0.0019979352963788166,-0.022704773825053648,0.15229522617494604,0.17499999999999968,0.16607569721115506,0.15398406374502008,0.15779941376889847,0.1597973490652773,1,500,250,100,0.005,,,,3.5
300,88,54,34,22,1.5454545454545454,26,8,29.545454545454547,9.090909090909092,57.95454545454545,37.93409090909083,-0.00844581079528256,-0.026529160509190686,0.14847083949080864,0.17499999999999932,0.16755813953488313,0.15936627653203167,0.15471299490473586,0.16315880570001842,1,500,250,100,0.005,,,,3.5
350,95,55,40,27,1.4814814814814814,28,12,29.473684210526315,12.631578947368421,53.68421052631579,38.58342105263143,-0.005052169281760971,-0.03309869671742649,0.1419013032825729,0.17499999999999938,0.1749999999999991,0.1438615464648725,0.15183091229780085,0.15688308157956182,1,500,250,100,0.005,,,,3.5
400,95,51,44,29,1.5172413793103448,27,17,28.42105263157895,17.894736842105264,51.578947368421055,45.736315789473466,-0.009548774982450575,-0.007251206030320229,0.151908764413939,0.15915997044425922,0.17499999999999885,0.15611090441519346,0.15471036674383543,0.164259141726286,1,500,250,100,0.005,,,,3.5
450,100,57,43,28,1.5357142857142858,26,17,26.0,17.0,48.0,49.713999999999736,0.006858961240126998,-0.0006077524492542619,0.16089626682679503,0.1615040192760493,0.17499999999999874,0.1412520585490047,0.16113654105091885,0.15427757981079185,1,500,250,100,0.005,,,,3.5
0,100,57,43,14,3.0714285714285716,43,0,43.0,0.0,70.0,0.11675000000000002,-0.1548449612403101,0.028488372093023257,0.028488372093023257,0.0,0.175,0.19083333333333333,0.028488372093023257,0.18333333333333338,2,500,250,100,0.005,,,,3.5
50,74,48,26,13,2.0,23,3,31.08108108108108,4.054054054054054,59.45945945945946,8.39155405405405,-0.05793504901960789,-0.054305200341005985,0.12069479965899398,0.17499999999999996,0.17499999999999996,0.19259259259259254,0.12696078431372546,0.18489583333333334,2,500,250,100,0.005,,,,3.5
100,76,48,28,14,2.0,25,3,32.89473684210526,3.9473684210526314,60.526315789473685,17.04440789473685,-0.029857976606484038,-0.022357600465929106,0.15264239953407124,0.17500000000000035,0.17500000000000032,0.19259259259259243,0.15503785672684936,0.1848958333333334,2,500,250,100,0.005,,,,3.5
150,80,51,29,15,1.9333333333333333,26,3,32.5,3.75,58.75,23.299375000000026,-0.017307179094519398,-0.019441755815928108,0.15555824418407235,0.17500000000000046,0.1750000000000004,0.1747902869757173,0.1575694603029615,0.1748766393974809,2,500,250,100,0.005,,,,3.5
200,87,54,33,18,1.8333333333333333,27,6,31.03448275862069,6.896551724137931,55.172413793103445,25.01609195402301,-0.00663859688396079,0.002879290416604008,0.15466204331876002,0.151782752902156,0.16173300165837495,0.16016885270616618,0.15413853597028657,0.16077713285424736,2,500,250,100,0.005,,,,3.5
250,90,54,36,20,1.8,28,8,31.11111111111111,8.88888888888889,54.44444444444444,32.27222222222221,-0.014826114890946263,0.002458910905721423,0.14957046469058194,0.14711155378486052,0.16437583001328002,0.16351563443196923,0.14902404004486608,0.16385015493581234,2,500,250,100,0.005,,,,3.5
300,93,58,35,19,1.8421052631578947,27,8,29.032258064516128,8.602150537634408,51.61290322580645,37.77311827956986,-0.0077822706642652895,0.005564035536424067,0.1573082215829356,0.15174418604651152,0.1661406423034325,0.16250086075667503,0.15603644203175296,0.16381871269601825,2,500,250,100,0.005,,,,3.5
350,100,58,42,25,1.68,30,12,30.0,12.0,49.0,38.71249999999991,-0.017552642913852695,-0.004554999672718829,0.1445370410859885,0.14909204075870733,0.16716125419932726,0.1615543767672541,0.14583846956390817,0.16339111247776086,2,500,250,100,0.005,,,,3.5
400,100,58,42,25,1.68,29,13,29.0,13.0,48.0,47.00324999999987,-0.010517414773174,0.00043090073220611314,0.1555232231177314,0.15509232238552528,0.16880804953560272,0.16449406057432905,0.15538984908157236,0.16590726385474636,2,500,250,100,0.005,,,,3.5
450,108,66,42,25,1.68,29,13,26.85185185185185,12.037037037037036,44.44444444444444,48.87060185185169,-0.002914590682135426,-0.002008994593163449,0.15588222629548965,0.1578912208886531,0.16988304093567141,0.15518836238918193,0.15650405795527833,0.15941864863741376,2,500,250,100,0.005,,,,3.5
0,100,60,40,13,3.076923076923077,40,0,40.0,0.0,68.0,0.11200000000000004,-0.17208333333333334,0.00875,0.00875,0.0,0.175,0.18593750000000003,0.00875,0.18083333333333335,0,500,250,100,0.005,,,,5.0
50,81,50,31,16,1.9375,25,6,30.864197530864196,7.407407407407407,60.49382716049383,7.894444444444442,-0.05537128399746999,-0.059980392156862794,0.11501960784313722,0.17500000000000002,0.17499999999999996,0.1884615384615384,0.12662871600252998,0.18199999999999997,0,500,250,100,0.005,,,,5.0
100,80,50,30,16,1.875,24,6,30.0,7.5,60.0,16.61406250000002,-0.03216226622662255,-0.03145283278327843,0.14354716721672187,0.1750000000000003,0.17500000000000035,0.1884615384615384,0.14983773377337756,0.1820000000000001,0,500,250,100,0.005,,,,5.0
150,81,52,29,16,1.8125,23,6,28.395061728395063,7.407407407407407,58.02469135802469,23.724382716049423,-0.010779220554825969,-0.012884641709109745,0.16211535829089072,0.17500000000000046,0.17500000000000046,0.1760406811731315,0.16478114623070655,0.17556036678553252,0,500,250,100,0.005,,,,5.0
200,95,62,33,19,1.736842105263158,26,7,27.36842105263158,7.368421052631579,53.68421052631579,22.09210526315792,0.0074230001814512,-0.02363074783458316,0.15136925216541702,0.17500000000000018,0.1582835820895524,0.1426583299717628,0.1563818350394195,0.1489588348579683,0,500,250,100,0.005,,,,5.0
250,93,61,32,19,1.6842105263157894,25,7,26.881720430107528,7.526881720430108,52.68817204301075,31.098387096774175,0.005196085397002864,-0.01849380854958524,0.15650619145041444,0.17499999999999968,0.1610557768924301,0.1516582319371165,0.16055171207063623,0.15535562667363337,0,500,250,100,0.005,,,,5.0
300,99,66,33,20,1.65,26,7,26.262626262626263,7.070707070707071,50.505050505050505,35.336868686868634,0.0014850736547251664,-0.0237826212774912,0.15121737872250818,0.17499999999999938,0.16337209302325542,0.14986568094762923,0.15626217717530935,0.15477710352058419,0,500,250,100,0.005,,,,5.0
350,114,71,43,26,1.6538461538461537,29,14,25.43859649122807,12.280701754385966,47.36842105263158,32.339035087719196,-0.001646966106644221,0.005940199103636273,0.14947147493719884,0.14353127583356257,0.15346236518777132,0.14685945400454192,0.14753745662438703,0.14918442273103125,0,500,250,100,0.005,,,,5.0
400,114,70,44,27,1.6296296296296295,29,15,25.43859649122807,13.157894736842104,47.36842105263158,39.99122807017529,0.001732445443096503,0.005698105214309052,0.15742931775464983,0.15173121254034078,0.15279758401629676,0.1542858655690066,0.15548678188613538,0.15375433644303887,0,500,250,100,0.005,,,,5.0
450,123,79,44,27,1.6296296296296295,29,15,23.577235772357724,12.195121951219512,43.90243902439025,42.755894308942906,0.008202368179784897,0.00248922038717872,0.1582231146084526,0.15573389422127387,0.1565649832848686,0.14574953990483458,0.15737451674918715,0.14917214856940225,0,500,250,100,0.005,,,,5.0
0,100,60,40,14,2.857142857142857,39,1,39.0,1.0,74.0,0.11625000000000003,-0.15729166666666672,-0.15705128205128208,0.01794871794871795,0.17500000000000002,0.175,0.185,0.021875,0.17916666666666672,1,500,250,100,0.005,,,,5.0
50,74,46,28,16,1.75,23,5,31.08108108108108,6.756756756756757,64.86486486486487,8.163175675675673,-0.04342497868712708,-0.0462489343563513,0.1287510656436487,0.175,0.17499999999999996,0.18690476190476182,0.13700980392156858,0.18043478260869567,1,500,250,100,0.005,,,,5.0
100,75,46,29,16,1.8125,24,5,32.0,6.666666666666667,65.33333333333333,16.887000000000018,-0.020909347306544673,-0.018698432343234456,0.15630156765676587,0.17500000000000032,0.17500000000000035,0.18690476190476188,0.15952543530215116,0.18043478260869583,1,500,250,100,0.005,,,,5.0
150,77,47,30,17,1.7647058823529411,25,5,32.467532467532465,6.4935064935064934,64.93506493506493,23.407467532467578,-0.011911253581325332,-0.012006622516556403,0.16299337748344406,0.17500000000000046,0.17500000000000046,0.17907134256472018,0.1649944812362035,0.17690573481752883,1,500,250,100,0.005,,,,5.0
200,94,53,41,24,1.7083333333333333,31,10,32.97872340425532,10.638297872340425,61.702127659574465,20.251329787234077,0.0006108530331365991,-0.002901108844571565,0.14423819463801563,0.1471393034825872,0.13888428229224267,0.14999521622655954,0.14494578216108187,0.14433492912794527,1,500,250,100,0.005,,,,5.0
250,92,53,39,23,1.6956521739130435,29,10,31.52173913043478,10.869565217391305,60.869565217391305,29.36141304347825,0.001833302892728067,0.0010880970766161957,0.1537773401045046,0.15268924302788842,0.14607864836948498,0.15746628869138843,0.1534983408540902,0.15166503796136213,1,500,250,100,0.005,,,,5.0
300,96,56,40,24,1.6666666666666667,30,10,31.25,10.416666666666666,59.375,34.64088541666661,-0.001682530314271652,-0.008328847258111088,0.14806650157909804,0.15639534883720912,0.1508828596037896,0.15271422201172205,0.15014871339362582,0.15183124370789747,1,500,250,100,0.005,,,,5.0
350,105,61,44,25,1.76,28,16,26.666666666666668,15.238095238095237,54.285714285714285,33.51928571428561,-0.0020406782077305174,0.021797416394767483,0.157672360164448,0.1358749437696805,0.16149438213866477,0.1429891228556091,0.1497460269299871,0.1517867051377176,1,500,250,100,0.005,,,,5.0
400,108,63,45,27,1.6666666666666667,29,16,26.85185185185185,14.814814814814815,53.7037037037037,39.943749999999845,-0.0009150656401193946,0.0175959347321345,0.15911972941210092,0.14152379467996642,0.16167464433920406,0.1470434842486219,0.15286339706289753,0.15377846270301693,1,500,250,100,0.005,,,,5.0
450,115,70,45,27,1.6666666666666667,29,16,25.217391304347824,13.91304347826087,50.43478260869565,43.403043478260685,0.008949396823219852,0.01873706680741527,0.16442098759646595,0.14568392078905068,0.1637476729153118,0.13824351379779862,0.15775891939827388,0.14880952257505403,1,500,250,100,0.005,,,,5.0
0,100,57,43,14,3.0714285714285716,42,1,42.0,1.0,70.0,0.11675000000000002,-0.1548449612403101,-0.15000000000000002,0.025,0.17500000000000002,0.175,0.19137931034482758,0.028488372093023257,0.18333333333333338,2,500,250,100,0.005,,,,5.0
50,79,50,29,15,1.9333333333333333,26,3,32.91139240506329,3.7974683544303796,62.0253164556962,8.418670886075944,-0.03867849898580125,-0.0325452488687783,0.14245475113122166,0.17499999999999996,0.17499999999999993,0.19259259259259254,0.14582150101419872,0.18449999999999997,2,500,250,100,0.005,,,,5.0
100,81,50,31,17,1.8235294117647058,28,3,34.5679012345679,3.7037037037037037,62.96296296296296,16.8888888888889,-0.035571542638134585,-0.02886492220650652,0.14613507779349383,0.17500000000000035,0.17500000000000032,0.19259259259259243,0.14892845736186547,0.18450000000000005,2,500,250,100,0.005,,,,5.0
150,83,52,31,17,1.8235294117647058,28,3,33.734939759036145,3.6144578313253013,61.44578313253012,23.97168674698798,-0.02152636727487156,-0.020550956585724922,0.15444904341427554,0.17500000000000046,0.1750000000000004,0.18031514044302335,0.156437845664507,0.17796421293937856,2,500,250,100,0.005,,,,5.0
200,95,52,43,25,1.72,33,10,34.73684210526316,10.526315789473685,56.8421052631579,22.995789473684244,-0.01617868407221787,0.013501597331868315,0.14671055255574905,0.13320895522388074,0.1617330016583749,0.1584055528807575,0.14357064619950058,0.15974933027171845,2,500,250,100,0.005,,,,5.0
250,92,52,40,23,1.7391304347826086,30,10,32.608695652173914,10.869565217391305,55.43478260869565,32.47364130434782,-0.00713829952236103,0.02188486205272691,0.1634187265945597,0.14153386454183278,0.1643758300132801,0.1655667651972756,0.15794751108137794,0.16508581060373897,2,500,250,100,0.005,,,,5.0
300,99,58,41,24,1.7083333333333333,31,10,31.31313131313131,10.1010101010101,52.525252525252526,36.608838383838346,-0.00417328319757973,0.010677222013433157,0.15777024526924718,0.14709302325581403,0.16614064230343262,0.155479122546518,0.15516604477816592,0.15933932797574565,2,500,250,100,0.005,,,,5.0
350,109,61,48,29,1.6551724137931034,33,15,30.275229357798164,13.761467889908257,49.54128440366973,36.74977064220176,-0.010065162186842225,0.010689924312708265,0.1491170563672913,0.13842713205458304,0.16092699862611792,0.15317179196106667,0.14577645501956998,0.1558416172064122,2,500,250,100,0.005,,,,5.0
400,109,61,48,29,1.6551724137931034,32,16,29.357798165137616,14.678899082568808,48.62385321100918,45.041055045871424,-0.009193491796938874,0.008946988182947202,0.15474257306041578,0.14579558487746858,0.16386525564582607,0.15942518736707562,0.15176024366610005,0.16095373546303893,2,500,250,100,0.005,,,,5.0
450,115,68,47,28,1.6785714285714286,31,16,26.956521739130434,13.91304347826087,45.21739130434783,47.82999999999984,-0.0064089256364536495,0.011275896700111893,0.16077700534756165,0.14950110864744975,0.1657884688812516,0.16225660526455232,0.1569384022156087,0.16334732785206235,2,500,250,100,0.005,,,,5.0
0,100,59,41,13,3.1538461538461537,41,0,41.0,0.0,68.0,0.11200000000000004,-0.16812732534105002,0.012804878048780489,0.012804878048780489,0.0,0.175,0.18593750000000003,0.012804878048780489,0.18093220338983051,0,500,250,100,0.005,,,,7.5
50,76,51,25,17,1.4705882352941178,22,3,28.94736842105263,3.9473684210526314,57.89473684210526,7.872697368421051,-0.0635490196078432,-0.06441622103386813,0.11058377896613183,0.17499999999999996,0.17499999999999993,0.18706896551724134,0.11831372549019603,0.18186274509803924,0,500,250,100,0.005,,,,7.5
100,78,51,27,20,1.35,24,3,30.76923076923077,3.8461538461538463,58.97435897435897,16.37820512820514,-0.03137686317651367,-0.027578382838284038,0.1474216171617163,0.17500000000000035,0.1750000000000003,0.18706896551724134,0.15048588192152565,0.18186274509803932,0,500,250,100,0.005,,,,7.5
150,83,55,28,21,1.3333333333333333,25,3,30.120481927710845,3.6144578313253013,56.626506024096386,22.578012048192807,-0.010507224563515744,-0.017708609271523318,0.15729139072847714,0.17500000000000046,0.1750000000000004,0.16615994380895044,0.15918874172185465,0.1696959662853704,0,500,250,100,0.005,,,,7.5
200,99,56,43,30,1.4333333333333333,30,13,30.303030303030305,13.131313131313131,52.525252525252526,20.191161616161647,-0.015085581138954696,0.020979005971347095,0.14240074343786083,0.12142173746651373,0.1560040705563095,0.1479989757096869,0.13605825326047682,0.15114383439943152,0,500,250,100,0.005,,,,7.5
250,101,58,43,31,1.3870967741935485,30,13,29.702970297029704,12.871287128712872,51.48514851485149,28.032673267326736,-0.004363433728331839,0.02624783213153853,0.15834253026209336,0.13209469813055483,0.15978812024628747,0.15170429393536977,0.15040713915255846,0.1547705728808903,0,500,250,100,0.005,,,,7.5
300,103,61,42,30,1.4,29,13,28.155339805825243,12.62135922330097,49.51456310679612,33.938592233009686,-0.004772857497874511,0.02552773483986448,0.1647495595268056,0.1392218246869411,0.16231501057082418,0.16122946820621276,0.15684811779065708,0.1616209752885316,0,500,250,100,0.005,,,,7.5
350,119,61,58,40,1.45,37,21,31.092436974789916,17.647058823529413,48.739495798319325,31.192016806722634,-0.009217830165152735,0.010665043060260587,0.14404503204925453,0.13337998898899395,0.14550591234988333,0.15144650220354347,0.1401835509412291,0.14940138110638185,0,500,250,100,0.005,,,,7.5
400,112,60,52,38,1.368421052631579,31,21,27.678571428571427,18.75,46.42857142857143,41.30267857142845,-0.002637359216406454,0.01475732627808271,0.16140783564679642,0.1466505093687137,0.15042391711287298,0.1622109760234474,0.1554481461883399,0.15808550540474636,0,500,250,100,0.005,,,,7.5
450,119,67,52,38,1.368421052631579,31,21,26.050420168067227,17.647058823529413,43.69747899159664,44.882563025209905,0.00484887633065334,0.014826826349526617,0.16543372181777302,0.1506068954682464,0.15386643499608757,0.1549306479881328,0.15944596502277192,0.15459708869211858,0,500,250,100,0.005,,,,7.5
0,100,62,38,13,2.923076923076923,37,1,37.0,1.0,74.0,0.11625000000000003,-0.165216468590832,-0.16554054054054057,0.00945945945945946,0.17500000000000002,0.175,0.185,0.013815789473684212,0.1790322580645162,1,500,250,100,0.005,,,,7.5
50,72,50,22,11,2.0,16,6,22.22222222222222,8.333333333333334,63.888888888888886,8.516319444444441,-0.03697415329768278,-0.043964460784313764,0.13103553921568625,0.17500000000000002,0.17499999999999993,0.18749999999999992,0.14302584670231722,0.18,1,500,250,100,0.005,,,,7.5
100,70,50,20,10,2.0,14,6,20.0,8.571428571428571,62.857142857142854,17.560714285714305,-0.01834158415841572,-0.019059405940594132,0.15594059405940616,0.1750000000000003,0.1750000000000004,0.18749999999999994,0.1616584158415844,0.18000000000000013,1,500,250,100,0.005,,,,7.5
150,72,51,21,11,1.9090909090909092,15,6,20.833333333333332,8.333333333333334,62.5,24.85694444444449,-0.021347876899103946,-0.027428256070640283,0.14757174392936018,0.17500000000000046,0.17500000000000052,0.17926521602018294,0.15540838852097164,0.17675626542007558,1,500,250,100,0.005,,,,7.5
200,82,54,28,14,2.0,14,14,17.073170731707318,17.073170731707318,53.65853658536585,22.56707317073174,-0.0059033536023584965,0.024004975124378186,0.15920398009950273,0.13519900497512455,0.16106965174129367,0.14314883913764512,0.14720149253731366,0.15310484613967215,1,500,250,100,0.005,,,,7.5
250,84,54,30,15,2.0,14,16,16.666666666666668,19.047619047619047,53.57142857142857,30.140178571428557,-0.0073491220303970595,0.019721115537848305,0.15986055776892402,0.14013944223107572,0.16060596324379883,0.15141607483111047,0.14934262948207155,0.1566917515124686,1,500,250,100,0.005,,,,7.5
300,88,58,30,15,2.0,14,16,15.909090909090908,18.181818181818183,51.13636363636363,35.39914772727266,-0.004685268074134108,0.014368770764118965,0.16029900332225844,0.14593023255813947,0.16299699924981217,0.1508039551336981,0.15263565891472833,0.15732092698886244,1,500,250,100,0.005,,,,7.5
350,96,65,31,16,1.9375,14,17,14.583333333333334,17.708333333333332,47.916666666666664,35.43802083333322,0.006023493795217882,0.009640261018936724,0.16117788461538368,0.15153762359644696,0.16044733819602874,0.1396088461253651,0.15589128986306358,0.1498677960678457,1,500,250,100,0.005,,,,7.5
400,97,67,30,15,2.0,13,17,13.402061855670103,17.52577319587629,48.45360824742268,43.44922680412354,0.009782572593373895,0.017817729432075158,0.1722808363706107,0.15446310693853554,0.1554211743436246,0.14929042276627794,0.16218412302576807,0.15240155043239417,1,500,250,100,0.005,,,,7.5
450,103,73,30,15,2.0,13,17,12.62135922330097,16.50485436893204,47.57281553398058,46.84514563106773,0.010400244690928623,0.01584237140191161,0.172582295753026,0.1567399243511144,0.15403066595931708,0.15240107178392667,0.16360495195860944,0.15320470726768082,1,500,250,100,0.005,,,,7.5
0,100,59,41,13,3.1538461538461537,41,0,41.0,0.0,70.0,0.11675000000000002,-0.16170938404299298,0.021341463414634148,0.021341463414634148,0.0,0.175,0.19083333333333333,0.021341463414634148,0.18305084745762712,2,500,250,100,0.005,,,,7.5
50,79,52,27,15,1.8,24,3,30.379746835443036,3.7974683544303796,62.0253164556962,8.31455696202531,-0.043480112842857965,-0.03863868464052286,0.1363613153594771,0.17499999999999996,0.17499999999999996,0.19259259259259254,0.1406545025417574,0.18413461538461537,2,500,250,100,0.005,,,,7.5
100,79,52,27,15,1.8,24,3,30.379746835443036,3.7974683544303796,62.0253164556962,17.23449367088609,-0.025706485449539795,-0.018643353823040276,0.15635664617696007,0.17500000000000035,0.17500000000000035,0.19259259259259243,0.15842812993507566,0.18413461538461545,2,500,250,100,0.005,,,,7.5
150,82,55,27,15,1.8,24,3,29.26829268292683,3.658536585365854,59.75609756097561,24.345426829268323,-0.006475132727805505,-0.007413211856409613,0.16758678814359085,0.17500000000000046,0.17500000000000046,0.17479028697571727,0.16841047834985862,0.17488561107766412,2,500,250,100,0.005,,,,7.5
200,93,55,38,23,1.6521739130434783,29,9,31.182795698924732,9.67741935483871,55.913978494623656,23.028225806451648,-0.000532534928583489,0.011611166257414596,0.15565483679362255,0.14404367053620795,0.15077330737616282,0.15535214552238807,0.15290482373265588,0.15343735866123936,2,500,250,100,0.005,,,,7.5
250,92,56,36,22,1.6363636363636365,27,9,29.347826086956523,9.782608695652174,54.34782608695652,31.90135869565217,0.0026203827600636553,0.014838412494773273,0.16504868252576047,0.1502102700309872,0.15559934176338117,0.16089279246649782,0.16133907940206715,0.1587186966420035,2,500,250,100,0.005,,,,7.5
300,96,59,37,23,1.608695652173913,28,9,29.166666666666668,9.375,53.125,37.10859374999997,-0.004890688650422387,0.004151614223197819,0.1584797795978748,0.15432816537467697,0.1588220424671382,0.16462137154202724,0.15746992748952943,0.1623606161399518,2,500,250,100,0.005,,,,7.5
350,105,61,44,27,1.6296296296296295,30,14,28.571428571428573,13.333333333333334,49.523809523809526,37.19904761904755,-0.02037758890825611,0.007477900006681942,0.14869686622564815,0.1412189662189662,0.17137399637399575,0.1640557590231146,0.14631753440534023,0.16669512331359634,2,500,250,100,0.005,,,,7.5
400,107,65,42,26,1.6153846153846154,28,14,26.16822429906542,13.08411214953271,49.532710280373834,43.88084112149521,-0.009994210158014355,0.012687269561532127,0.1591164552180802,0.14642918565654808,0.15950844622027552,0.16823978133598497,0.1548873653642362,0.16488157552225055,2,500,250,100,0.005,,,,7.5
450,117,73,44,28,1.5714285714285714,30,14,25.641025641025642,11.965811965811966,47.00854700854701,44.489316239316096,-0.015304431545083902,-0.001864269094145471,0.14830517312252,0.15016944221666548,0.16192590703956372,0.1653886531548487,0.14889834965247542,0.16420278119755932,2,500,250,100,0.005,,,,7.5
