tick,total_cells,lone_cells,clustered_cells,num_clusters,avg_cluster_size,cooperators,defectors,cooperator_pct,defector_pct,coop_genome_pct,mean_fitness,multi_advantage,coop_advantage,coop_rate_clustered,def_rate_clustered,coop_rate_lone,def_rate_lone,cluster_rate,lone_rate,seed,ticks,grid_size,initial_cells,mutation_rate,task_flip_period,coop_reward_scale,task_alpha
0,100,62,38,12,3.1666666666666665,38,0,38.0,0.0,72.0,0.2275,0.12224108658743649,0.30328947368421066,0.30328947368421066,0.0,0.17500000000000002,0.18839285714285717,0.30328947368421066,0.18104838709677418,0,500,250,100,0.005,,,0.01
50,127,47,80,25,3.2,78,2,61.41732283464567,1.5748031496062993,77.95275590551181,10.18444881889764,0.13310583541927412,0.14470211161387636,0.31970211161387635,0.175,0.17499999999999996,0.18942307692307686,0.3160845588235294,0.1829787234042553,0,500,250,100,0.005,,,0.01
100,142,47,95,29,3.2758620689655173,93,2,65.49295774647888,1.408450704225352,80.28169014084507,21.27165492957747,0.1461640592950673,0.15745768125199594,0.33245768125199626,0.17500000000000032,0.17500000000000032,0.1894230769230768,0.3291427826993227,0.1829787234042554,0,500,250,100,0.005,,,0.01
150,185,47,138,40,3.45,136,2,73.51351351351352,1.0810810810810811,84.86486486486487,30.052837837837835,0.16058951730982451,0.17104718543046302,0.3460471854304635,0.17500000000000046,0.1750000000000004,0.18942307692307686,0.34356824071408,0.18297872340425547,0,500,250,100,0.005,,,0.01
200,284,50,234,66,3.5454545454545454,226,8,79.5774647887324,2.816901408450704,86.97183098591549,31.606866197183088,0.18662872506156059,0.21686634206281527,0.3570404714160492,0.14017412935323395,0.1750000000000002,0.1543060559272604,0.3496262374993717,0.16299751243781113,0,500,250,100,0.005,,,0.01
250,438,43,395,107,3.691588785046729,383,12,87.44292237442923,2.73972602739726,91.32420091324201,33.15804794520545,0.17456680440328856,0.21400229479481317,0.3518176998412941,0.1378154050464809,0.1749999999999996,0.1679704259883548,0.3453163643032238,0.17074955989993526,0,500,250,100,0.005,,,0.01
300,667,27,640,171,3.742690058479532,618,22,92.65367316341829,3.2983508245877062,93.85307346326836,34.422413793103416,0.15242277434939505,0.21516549929280718,0.34181736573470034,0.12665186644189316,0.17499999999999918,0.18494492044063734,0.33442105169651004,0.181998277347115,0,500,250,100,0.005,,,0.01
350,1011,18,993,261,3.8045977011494254,963,30,95.25222551928783,2.9673590504451037,95.54896142433235,35.702744807121626,0.13588730196174817,0.20240162335708128,0.3378354879644807,0.13543386460739942,0.1749999999999989,0.2000000000000014,0.33172063529508244,0.19583333333333428,0,500,250,100,0.005,,,0.01
400,1604,15,1589,413,3.847457627118644,1548,41,96.50872817955113,2.5561097256857854,96.50872817955113,35.6578325020781,0.128506804449638,0.17522202499022438,0.3330279517275497,0.1578059267373253,0.0,0.20000000000000148,0.3285068044496395,0.20000000000000148,0,500,250,100,0.005,,,0.01
450,2616,15,2601,670,3.882089552238806,2543,58,97.20948012232417,2.217125382262997,97.20948012232417,34.55776121304789,0.1246892697036642,0.15441524770605916,0.3281325931819247,0.17371734547586556,0.0,0.2000000000000016,0.3246892697036658,0.2000000000000016,0,500,250,100,0.005,,,0.01
0,100,62,38,13,2.923076923076923,38,0,38.0,0.0,72.0,0.26125,0.21105687606112072,0.3921052631578949,0.3921052631578949,0.0,0.17500000000000002,0.18839285714285717,0.3921052631578949,0.18104838709677418,1,500,250,100,0.005,,,0.01
50,108,48,60,21,2.857142857142857,54,6,50.0,5.555555555555555,74.07407407407408,11.772453703703704,0.1375469771241832,0.1590050835148876,0.33625998547567193,0.17725490196078433,0.17499999999999996,0.19204545454545444,0.32035947712418317,0.18281249999999996,1,500,250,100,0.005,,,0.01
100,139,48,91,29,3.1379310344827585,84,7,60.431654676258994,5.0359712230215825,79.13669064748201,20.973741007194246,0.14919979463605684,0.16556871758604405,0.3447483498349835,0.17917963224893943,0.17500000000000038,0.19204545454545438,0.33201229463605697,0.18281250000000013,1,500,250,100,0.005,,,0.01
150,190,48,142,42,3.380952380952381,134,8,70.52631578947368,4.2105263157894735,84.21052631578948,27.388026315789475,0.1585036085719613,0.17035040031629894,0.350913314223584,0.18056291390728507,0.17500000000000046,0.19204545454545432,0.3413161085719615,0.18281250000000018,1,500,250,100,0.005,,,0.01
200,261,50,211,62,3.403225806451613,198,13,75.86206896551724,4.980842911877395,85.44061302681992,32.19731800766282,0.19235734832944246,0.21731451522496262,0.3743160460324637,0.1570015308075011,0.17500000000000018,0.1621393034825872,0.3609270000707362,0.16856965174129374,1,500,250,100,0.005,,,0.01
250,379,47,332,96,3.4583333333333335,316,16,83.37730870712402,4.221635883905013,89.1820580474934,35.766358839050106,0.1874555557685825,0.20162145004561716,0.36828355163924265,0.1666621015936255,0.17499999999999966,0.167689243027889,0.358566855251502,0.1711112994829195,1,500,250,100,0.005,,,0.01
300,554,38,516,142,3.6338028169014085,492,24,88.8086642599278,4.332129963898917,91.51624548736461,38.66447653429601,0.1791102261841941,0.1964366242355581,0.3608753323297894,0.1644387080942313,0.17499999999999924,0.1710819009100109,0.35173874515604253,0.17262851897184844,1,500,250,100,0.005,,,0.01
350,879,20,859,231,3.7186147186147185,814,45,92.6052332195677,5.1194539249146755,93.06029579067122,37.88312286689418,0.15358998211035327,0.19472258870167594,0.35754081620997613,0.1628182275083002,0.1749999999999989,0.1984375000000012,0.34733998211035405,0.19375000000000078,1,500,250,100,0.005,,,0.01
400,1391,15,1376,371,3.7088948787061993,1307,69,93.96117900790799,4.960460100647016,93.96117900790799,37.4673451781863,0.145611247244782,0.1929703234057243,0.3552878114271927,0.1623174880214684,0.0,0.20000000000000148,0.3456112472447835,0.20000000000000148,1,500,250,100,0.005,,,0.01
450,2117,15,2102,571,3.681260945709282,2012,90,95.04015115729807,4.251299008030231,95.04015115729807,38.732592280180846,0.15834425330221633,0.1960614074391084,0.36673889015736527,0.17067748271825686,0.0,0.2000000000000016,0.3583442533022179,0.2000000000000016,1,500,250,100,0.005,,,0.01
0,100,56,44,15,2.933333333333333,42,2,42.0,2.0,73.0,0.21600000000000003,0.07897727272727276,0.08928571428571433,0.26428571428571435,0.17500000000000002,0.17499999999999996,0.18899999999999997,0.2602272727272728,0.18125000000000005,2,500,250,100,0.005,,,0.01
50,113,44,69,22,3.1363636363636362,65,4,57.52212389380531,3.5398230088495577,76.10619469026548,9.366150442477876,0.04215912320132281,0.05663197586727006,0.228396681749623,0.17176470588235293,0.17499999999999996,0.1902173913043477,0.22511366865586824,0.18295454545454543,2,500,250,100,0.005,,,0.01
100,125,44,81,25,3.24,77,4,61.6,3.2,78.4,18.697000000000013,0.06139516729450728,0.07662369808409406,0.24813359907419333,0.17150990099009927,0.17500000000000032,0.19021739130434775,0.24434971274905284,0.18295454545454556,2,500,250,100,0.005,,,0.01
150,164,44,120,34,3.5294117647058822,115,5,70.1219512195122,3.048780487804878,82.92682926829268,23.858384146341482,0.0783934126028496,0.09621796717535247,0.2653570400230349,0.16913907284768243,0.1750000000000004,0.1902173913043477,0.2613479580573952,0.1829545454545456,2,500,250,100,0.005,,,0.01
200,218,45,173,47,3.6808510638297873,163,10,74.77064220183486,4.587155963302752,84.40366972477064,27.422018348623855,0.0916408324466299,0.12995183591246215,0.27264337820101947,0.14269154228855732,0.1750000000000002,0.17217039800995038,0.2651317113852702,0.1734908789386403,2,500,250,100,0.005,,,0.01
250,300,45,255,66,3.8636363636363638,243,12,81.0,4.0,88.0,30.5578333333333,0.10428977699352507,0.13139533924336522,0.2833349728657385,0.15193963362237328,0.17499999999999966,0.1709910358565742,0.2771516627836978,0.17286188579017273,2,500,250,100,0.005,,,0.01
300,427,40,387,96,4.03125,367,20,85.94847775175644,4.68384074941452,90.1639344262295,32.35573770491798,0.09239248410915471,0.126129443149747,0.27568405739854734,0.14955461424880034,0.1749999999999992,0.1782241014799162,0.26916573992310827,0.17677325581395356,2,500,250,100,0.005,,,0.01
350,649,24,625,152,4.1118421052631575,593,32,91.37134052388289,4.9306625577812015,92.44992295839754,32.09648176682069,0.0877586071525355,0.1316932194500217,0.27787895956284514,0.14618574011282345,0.1749999999999989,0.18682728410513255,0.2711362667270041,0.18337765957446858,2,500,250,100,0.005,,,0.01
400,1013,15,998,236,4.228813559322034,947,51,93.48469891411649,5.034550839091806,93.58341559723593,31.53490457387293,0.07464943721331468,0.12578880816037388,0.2794108559336022,0.15362204777322833,0.17499999999999868,0.20000000000000148,0.2729827705466493,0.19833333333333464,2,500,250,100,0.005,,,0.01
450,1574,14,1560,363,4.297520661157025,1493,67,94.85387547649302,4.256670902160102,94.85387547649302,31.485244599745815,0.07156092510686077,0.11814487543149674,0.27663509603885617,0.15849022060735943,0.0,0.2000000000000016,0.27156092510686236,0.2000000000000016,2,500,250,100,0.005,,,0.01
0,100,62,38,12,3.1666666666666665,38,0,38.0,0.0,71.0,0.20600000000000002,0.06460101867572163,0.24605263157894744,0.24605263157894744,0.0,0.17500000000000002,0.18879310344827588,0.24605263157894744,0.1814516129032258,0,500,250,100,0.005,,,0.05
50,116,54,62,18,3.4444444444444446,58,4,50.0,3.4482758620689653,75.0,8.651508620689656,0.03939050530606525,0.06006000676132531,0.2256727518593645,0.1656127450980392,0.17499999999999993,0.19099999999999998,0.22179791271347257,0.18240740740740732,0,500,250,100,0.005,,,0.05
100,134,54,80,22,3.6363636363636362,75,5,55.97014925373134,3.7313432835820897,77.61194029850746,16.974067164179118,0.06573306288962238,0.09269284928492844,0.2539337733773379,0.16124092409240948,0.1750000000000004,0.19099999999999984,0.24814047029702985,0.18240740740740746,0,500,250,100,0.005,,,0.05
150,155,54,101,29,3.4827586206896552,96,5,61.935483870967744,3.225806451612903,80.64516129032258,25.72516129032259,0.09648250145102794,0.12362821927888124,0.28501011773362767,0.16138189845474643,0.1750000000000005,0.19099999999999986,0.2788899088584355,0.18240740740740757,0,500,250,100,0.005,,,0.05
200,222,54,168,48,3.5,153,15,68.91891891891892,6.756756756756757,81.98198198198199,28.173873873873863,0.10789537760930765,0.17078489903424038,0.2952326602282703,0.12444776119402996,0.17500000000000013,0.1687114427860698,0.2799840085287846,0.17208863091947693,0,500,250,100,0.005,,,0.05
250,312,48,264,71,3.7183098591549295,246,18,78.84615384615384,5.769230769230769,86.53846153846153,31.019951923076878,0.11157160147289599,0.1743753178793404,0.29982204947149044,0.12544673159215003,0.1749999999999996,0.1777224435590975,0.28793282325244457,0.17636122177954858,0,500,250,100,0.005,,,0.05
300,446,41,405,104,3.894230769230769,381,24,85.42600896860986,5.381165919282512,89.68609865470852,33.08621076233178,0.12088860854263736,0.16998774797045685,0.30891147443778805,0.1389237264673312,0.1749999999999992,0.18049682875264356,0.29883812640990914,0.17794951786727178,0,500,250,100,0.005,,,0.05
350,670,26,644,163,3.950920245398773,608,35,90.74626865671642,5.223880597014926,91.94029850746269,33.81156716417904,0.10975129526621571,0.16047712436814704,0.3088710573893777,0.14839393302123066,0.1749999999999989,0.19722222222222338,0.30013591065083156,0.19038461538461585,0,500,250,100,0.005,,,0.05
400,1061,18,1043,258,4.042635658914729,991,51,93.40245051837888,4.806786050895382,93.49670122525919,33.137615457115864,0.09862465480966962,0.1524179703415356,0.3033068736608934,0.15088890331935778,0.17499999999999868,0.1985294117647073,0.2958468770318931,0.1972222222222235,0,500,250,100,0.005,,,0.05
450,1658,16,1642,400,4.105,1575,66,94.99396863691194,3.9806996381182147,94.99396863691194,33.34044632086845,0.09680942463645978,0.14306458398102315,0.3025633932792083,0.15949880929818513,0.0,0.20000000000000165,0.2968094246364614,0.20000000000000165,0,500,250,100,0.005,,,0.05
0,100,62,38,13,2.923076923076923,37,1,37.0,1.0,73.0,0.23125,0.1321095076400681,0.14189189189189202,0.31689189189189204,0.17500000000000002,0.175,0.18942307692307694,0.31315789473684225,0.18104838709677415,1,500,250,100,0.005,,,0.05
50,109,51,58,20,2.9,51,7,46.788990825688074,6.422018348623853,75.22935779816514,10.709633027522937,0.10231575388776212,0.17814357115395188,0.30616878123798547,0.12802521008403359,0.17499999999999993,0.1937499999999999,0.28466869506423265,0.18235294117647052,1,500,250,100,0.005,,,0.05
100,133,51,82,28,2.9285714285714284,75,7,56.390977443609025,5.2631578947368425,79.69924812030075,20.037969924812035,0.14808656618889998,0.2229437057991511,0.34947128712871284,0.12652758132956174,0.17500000000000043,0.19374999999999978,0.33043950736537064,0.18235294117647066,1,500,250,100,0.005,,,0.05
150,156,51,105,37,2.8378378378378377,98,7,62.82051282051282,4.487179487179487,82.6923076923077,30.293349358974357,0.1764841764520375,0.24023347749695861,0.3748526827949722,0.13461920529801358,0.17500000000000052,0.19374999999999973,0.3588371176285083,0.18235294117647077,1,500,250,100,0.005,,,0.05
200,210,49,161,56,2.875,148,13,70.47619047619048,6.190476190476191,84.76190476190476,35.66160714285714,0.21466907202398963,0.25563415864898287,0.41227754428490593,0.15664338563592306,0.17500000000000013,0.18007331762241438,0.39163627681635454,0.1769672047923649,1,500,250,100,0.005,,,0.05
250,287,47,240,82,2.926829268292683,224,16,78.04878048780488,5.574912891986063,87.8048780487805,40.911541811846675,0.22234912611485674,0.23274944344448642,0.41609750951354346,0.18334806606905704,0.17499999999999963,0.18299433843573135,0.40058087995057773,0.17823175383572099,1,500,250,100,0.005,,,0.05
300,410,46,364,123,2.959349593495935,342,21,83.41463414634147,5.121951219512195,90.0,44.58716463414631,0.22804699893348468,0.24473240843439736,0.42131275667852575,0.17658034824412838,0.17499999999999916,0.18494492044063734,0.4071546834633127,0.179107684529828,1,500,250,100,0.005,,,0.05
350,644,35,609,201,3.029850746268657,577,30,89.59627329192547,4.658385093167702,92.54658385093168,43.48355978260867,0.2111799159160903,0.24777975540238095,0.4091403180423552,0.16136056263997423,0.1749999999999989,0.1984375000000012,0.396894201630376,0.18571428571428567,1,500,250,100,0.005,,,0.05
400,974,24,950,306,3.104575163398693,908,38,93.22381930184805,3.9014373716632442,94.14784394250513,44.328862936344954,0.20659532959683666,0.25293690341275477,0.4073805857592945,0.15444368234653974,0.17499999999999868,0.20000000000000148,0.39722032959683706,0.1906250000000004,1,500,250,100,0.005,,,0.05
450,1476,18,1458,474,3.0759493670886076,1413,40,95.73170731707317,2.710027100271003,95.9349593495935,45.10339600271003,0.2036728810672261,0.25076496023347006,0.4064095856389217,0.15564462540545168,0.17499999999999852,0.2000000000000016,0.39950621440056056,0.19583333333333444,1,500,250,100,0.005,,,0.05
0,100,55,45,15,3.0,45,0,45.0,0.0,73.0,0.21600000000000003,0.07696969696969702,0.2583333333333334,0.2583333333333334,0.0,0.175,0.18796296296296297,0.2583333333333334,0.1813636363636364,2,500,250,100,0.005,,,0.05
50,117,46,71,21,3.380952380952381,69,2,58.97435897435897,1.7094017094017093,76.92307692307692,9.64123931623932,0.06654209142321976,0.07630008525149201,0.251300085251492,0.175,0.17499999999999996,0.18899999999999995,0.24915078707539365,0.18260869565217389,2,500,250,100,0.005,,,0.05
100,125,46,79,23,3.4347826086956523,77,2,61.6,1.6,78.4,19.999400000000016,0.07792833906395608,0.08775877587758768,0.262758775877588,0.17500000000000032,0.17500000000000032,0.18899999999999992,0.2605370347161301,0.18260869565217402,2,500,250,100,0.005,,,0.05
150,167,46,121,33,3.6666666666666665,119,2,71.25748502994011,1.1976047904191616,83.83233532934132,25.451347305389234,0.10400260093805092,0.11348711670098441,0.28848711670098487,0.17500000000000046,0.1750000000000004,0.18899999999999995,0.286611296590225,0.18260869565217408,2,500,250,100,0.005,,,0.05
200,222,47,175,48,3.6458333333333335,167,8,75.22522522522523,3.6036036036036037,84.68468468468468,29.268130630630626,0.1215162787884285,0.15610569904966173,0.2962798284028957,0.14017412935323395,0.1750000000000002,0.16167240719479536,0.28914356787491113,0.16762728908648264,2,500,250,100,0.005,,,0.05
250,309,46,263,68,3.8676470588235294,255,8,82.52427184466019,2.588996763754045,88.9967637540453,32.94862459546921,0.126303333533118,0.15437075228497743,0.3014823060698381,0.14711155378486068,0.17499999999999966,0.16700888752681634,0.29678661778740534,0.17048328425428733,2,500,250,100,0.005,,,0.05
300,469,32,437,107,4.08411214953271,423,13,90.19189765458422,2.771855010660981,92.32409381663113,33.2595415778251,0.11580113655410634,0.13640692189102926,0.29417790844108577,0.1577709865500565,0.17499999999999918,0.17399577167019106,0.29011072957736245,0.1743095930232561,2,500,250,100,0.005,,,0.05
350,726,18,708,169,4.189349112426036,681,26,93.80165289256199,3.581267217630854,94.35261707988981,32.64746326905411,0.0948571543711191,0.1438429977781727,0.2945914403180148,0.15074844253984213,0.1749999999999989,0.20000000000000137,0.28930159881556433,0.19444444444444522,2,500,250,100,0.005,,,0.05
400,1146,14,1132,267,4.239700374531835,1100,31,95.98603839441536,2.7050610820244327,95.98603839441536,31.969914194298955,0.0924543739277747,0.1441565847099572,0.2964056154185001,0.15224903070854287,0.0,0.20000000000000148,0.2924543739277762,0.20000000000000148,2,500,250,100,0.005,,,0.05
450,1796,14,1782,417,4.273381294964029,1739,42,96.82628062360801,2.338530066815145,96.82628062360801,31.88312175204153,0.09253804017943165,0.13100805868826557,0.2956275059093081,0.16461944722104252,0.0,0.2000000000000016,0.29253804017943325,0.2000000000000016,2,500,250,100,0.005,,,0.05
0,100,62,38,12,3.1666666666666665,38,0,38.0,0.0,71.0,0.20900000000000005,0.07249575551782689,0.2539473684210527,0.2539473684210527,0.0,0.17500000000000002,0.18879310344827588,0.2539473684210527,0.1814516129032258,0,500,250,100,0.005,,,0.1
50,114,51,63,19,3.3157894736842106,60,3,52.63157894736842,2.6315789473684212,74.56140350877193,9.508991228070176,0.0545985060690945,0.06556372549019618,0.24056372549019614,0.17499999999999996,0.17499999999999996,0.19038461538461535,0.23744164332399637,0.18284313725490187,0,500,250,100,0.005,,,0.1
100,135,51,84,24,3.5,81,3,60.0,2.2222222222222223,78.51851851851852,18.588518518518534,0.07658932384835129,0.08755958929226229,0.26255958929226264,0.17500000000000035,0.17500000000000035,0.1903846153846152,0.2594324611032533,0.182843137254902,0,500,250,100,0.005,,,0.1
150,180,51,129,35,3.6857142857142855,125,4,69.44444444444444,2.2222222222222223,83.33333333333333,24.44416666666667,0.09267023612155464,0.14887980132450288,0.2801298013245032,0.13125000000000034,0.17500000000000046,0.19038461538461526,0.27551337337645676,0.18284313725490212,0,500,250,100,0.005,,,0.1
200,240,51,189,52,3.6346153846153846,178,11,74.16666666666667,4.583333333333333,84.16666666666667,28.049687499999997,0.09105746449542149,0.15667633487313154,0.2720935668948413,0.11541723202170978,0.17500000000000018,0.1691772618389535,0.2629748384101617,0.17191737391474024,0,500,250,100,0.005,,,0.1
250,343,46,297,79,3.759493670886076,284,13,82.79883381924198,3.7900874635568513,88.62973760932945,30.74540816326527,0.09609480330908568,0.15858357226520692,0.2794565771272557,0.12087300486204877,0.17499999999999966,0.17751302482378228,0.27251520864426687,0.1764204053351812,0,500,250,100,0.005,,,0.1
300,522,39,483,126,3.8333333333333335,464,19,88.88888888888889,3.6398467432950192,91.7624521072797,30.751599616858194,0.09537436211416228,0.15142855439357925,0.2794319541474599,0.12800339975388067,0.17499999999999924,0.1800387596899233,0.27347513730796097,0.1781007751937987,0,500,250,100,0.005,,,0.1
350,823,25,798,205,3.892682926829268,763,35,92.70959902794654,4.25273390036452,93.43863912515188,29.6644916970433,0.0843358045790071,0.1449133448739311,0.26958212964632144,0.12466878477239036,0.1749999999999989,0.18011904816833116,0.2632262811869385,0.17889047660793142,0,500,250,100,0.005,,,0.1
400,1292,16,1276,320,3.9875,1232,43,95.3560371517028,3.328173374613003,95.3560371517028,29.051768575851355,0.056941354662572524,0.1525969586031295,0.2620877618938952,0.10949080329076571,0.0,0.20000000000000148,0.256941354662574,0.20000000000000148,0,500,250,100,0.005,,,0.1
450,1991,16,1975,490,4.030612244897959,1921,52,96.4841788046208,2.6117528879959817,96.4841788046208,29.38156788883305,0.06121837305687303,0.15212440928237386,0.2652277340719195,0.11310332478954567,0.0,0.20000000000000165,0.2612183730568747,0.20000000000000165,0,500,250,100,0.005,,,0.1
0,100,63,37,13,2.8461538461538463,37,0,37.0,0.0,70.0,0.20850000000000002,0.07230802230802244,0.2540540540540542,0.2540540540540542,0.0,0.17500000000000002,0.18916666666666668,0.2540540540540542,0.18174603174603174,1,500,250,100,0.005,,,0.1
50,111,56,55,19,2.8947368421052633,52,3,46.846846846846844,2.7027027027027026,72.97297297297297,10.54887387387388,0.0952716768525593,0.10879524886877842,0.2837952488687784,0.17499999999999996,0.17499999999999993,0.19074074074074068,0.277860962566845,0.1825892857142857,1,500,250,100,0.005,,,0.1
100,138,56,82,27,3.037037037037037,79,3,57.2463768115942,2.1739130434782608,78.26086956521739,19.51213768115943,0.12141940783799635,0.13390775786439388,0.30890775786439423,0.17500000000000035,0.1750000000000004,0.19074074074074063,0.30400869355228216,0.18258928571428581,1,500,250,100,0.005,,,0.1
150,180,56,124,40,3.1,121,3,67.22222222222223,1.6666666666666667,83.33333333333333,26.27541666666666,0.1272056299020353,0.1381369383175519,0.31313693831755235,0.17500000000000046,0.1750000000000005,0.19074074074074063,0.30979491561632116,0.18258928571428587,1,500,250,100,0.005,,,0.1
200,257,61,196,62,3.161290322580645,191,5,74.31906614785993,1.9455252918287937,85.60311284046692,28.611575875486366,0.15025441544369103,0.147276705477846,0.3222767054778461,0.1750000000000001,0.17500000000000013,0.1621618470149255,0.3185196466646357,0.1682652312209447,1,500,250,100,0.005,,,0.1
250,360,53,307,96,3.1979166666666665,297,10,82.5,2.7777777777777777,88.88888888888889,32.27791666666663,0.1295114289929393,0.160902869241457,0.3072474907554012,0.1463446215139442,0.17499999999999966,0.17057436918990757,0.3020063549494906,0.17249492595655128,1,500,250,100,0.005,,,0.1
300,522,50,472,144,3.2777777777777777,459,13,87.93103448275862,2.4904214559386975,91.7624521072797,34.177538314176196,0.12512000053495853,0.14903975704026318,0.30342258351611284,0.15438282647584967,0.1749999999999992,0.17366279069767523,0.2993176749535633,0.1741976744186048,1,500,250,100,0.005,,,0.1
350,835,24,811,242,3.3512396694214877,778,33,93.17365269461078,3.9520958083832336,93.77245508982035,32.29105389221551,0.09952650002237676,0.1437336986119841,0.29143575690227774,0.14770205829029365,0.1749999999999989,0.1889713600239928,0.28558716004137086,0.1860606600189941,1,500,250,100,0.005,,,0.1
400,1309,19,1290,380,3.3947368421052633,1253,37,95.72192513368984,2.826585179526356,95.87471352177235,31.52111026228668,0.08973920867930527,0.13789311668451143,0.29106270362133874,0.1531695869368273,0.17499999999999868,0.20000000000000148,0.28710762973193804,0.19736842105263278,1,500,250,100,0.005,,,0.1
450,2021,19,2002,585,3.422222222222222,1954,48,96.6848095002474,2.375061850569025,96.78377041068778,31.41170212765953,0.08380244622213906,0.13195074543188898,0.2843345215109012,0.15238377607901224,0.17499999999999852,0.20000000000000165,0.2811708672747719,0.19736842105263286,1,500,250,100,0.005,,,0.1
0,100,55,45,15,3.0,42,3,42.0,3.0,72.0,0.19675000000000004,0.03419191919191927,0.04345238095238099,0.218452380952381,0.17500000000000002,0.17499999999999996,0.18900000000000003,0.21555555555555567,0.1813636363636364,2,500,250,100,0.005,,,0.1
50,114,46,68,19,3.5789473684210527,63,5,55.26315789473684,4.385964912280702,75.43859649122807,7.884649122807018,0.004055087508149119,0.015700591347650228,0.18781823840647377,0.17211764705882354,0.17499999999999993,0.19021739130434775,0.18666378316032303,0.1826086956521739,2,500,250,100,0.005,,,0.1
100,123,46,77,21,3.6666666666666665,71,6,57.72357723577236,4.878048780487805,76.42276422764228,16.190406504065056,0.0005287609506292312,0.036528378189931515,0.18598382373448621,0.1494554455445547,0.17500000000000032,0.1902173913043477,0.18313745660280323,0.182608695652174,2,500,250,100,0.005,,,0.1
150,148,46,102,28,3.642857142857143,96,6,64.86486486486487,4.054054054054054,80.4054054054054,22.60858108108109,0.052944154627010465,0.0912869067328915,0.2409226683222958,0.1496357615894043,0.1750000000000004,0.19021739130434767,0.23555285027918454,0.18260869565217408,2,500,250,100,0.005,,,0.1
200,196,46,150,41,3.658536585365854,138,12,70.40816326530613,6.122448979591836,82.14285714285714,25.689107142857146,0.06466895855172283,0.11983895184057403,0.2477797606172038,0.12794080877662978,0.1750000000000002,0.17204737183646995,0.2381926444699579,0.17352368591823505,2,500,250,100,0.005,,,0.1
250,254,43,211,57,3.7017543859649122,192,19,75.59055118110236,7.480314960629921,84.25196850393701,30.322401574803123,0.07644712218429234,0.12551405363413912,0.26310604822885963,0.13759199459472052,0.17499999999999966,0.17573041168658754,0.25180383486843955,0.1753567126841472,2,500,250,100,0.005,,,0.1
300,373,41,332,85,3.9058823529411764,308,24,82.57372654155496,6.434316353887399,88.20375335120643,31.384092940125072,0.08386904089181876,0.1341643768508281,0.2725665361137369,0.13840215926290877,0.17499999999999924,0.18319767441860546,0.2628679064618698,0.17899886557005104,2,500,250,100,0.005,,,0.1
350,599,27,572,137,4.175182481751825,537,35,89.64941569282136,5.843071786310517,91.48580968280467,29.392612687812978,0.07684624916515798,0.1280813606528408,0.2670407527163083,0.1389593920634675,0.1749999999999989,0.18741554054054171,0.25920360652251556,0.18235735735735759,2,500,250,100,0.005,,,0.1
400,913,21,892,208,4.288461538461538,852,40,93.31872946330778,4.381161007667032,93.97590361445783,29.655058415480056,0.06956300115078595,0.12320472492240572,0.2667545433745118,0.1435498184521061,0.17499999999999868,0.19833333333333472,0.2612296678174532,0.19166666666666726,2,500,250,100,0.005,,,0.1
450,1387,15,1372,313,4.383386581469648,1320,52,95.16943042537851,3.749098774333093,95.24152847873107,30.27529440038448,0.06582046219548496,0.1225300772024017,0.2687977926239545,0.14626771542155279,0.17499999999999852,0.2000000000000016,0.2641537955288197,0.19833333333333472,2,500,250,100,0.005,,,0.1
0,100,62,38,12,3.1666666666666665,38,0,38.0,0.0,71.0,0.20125,0.04997877758913413,0.23223684210526319,0.23223684210526319,0.0,0.17500000000000002,0.19051724137931036,0.23223684210526319,0.18225806451612905,0,500,250,100,0.005,,,0.25
50,108,51,57,17,3.3529411764705883,56,1,51.851851851851855,0.9259259259259259,73.14814814814815,9.45023148148148,0.04569143446852436,0.05548844537815131,0.2304884453781513,0.175,0.17499999999999993,0.1910714285714285,0.22951496388028902,0.18382352941176466,0,500,250,100,0.005,,,0.25
100,133,51,82,23,3.5652173913043477,81,1,60.902255639097746,0.7518796992481203,78.19548872180451,17.58552631578948,0.05815304629458645,0.06780344701136759,0.2428034470113679,0.17500000000000032,0.17500000000000032,0.19107142857142842,0.24197657570635123,0.18382352941176477,0,500,250,100,0.005,,,0.25
150,168,51,117,32,3.65625,116,1,69.04761904761905,0.5952380952380952,82.73809523809524,24.557440476190486,0.09242597531456107,0.10212234528431105,0.2771223452843115,0.17500000000000046,0.1750000000000004,0.19107142857142842,0.2762495047263259,0.18382352941176486,0,500,250,100,0.005,,,0.25
200,226,57,169,45,3.7555555555555555,168,1,74.33628318584071,0.4424778761061947,84.51327433628319,28.250331858407076,0.10567661536602233,0.0994965647950719,0.2744965647950721,0.1750000000000002,0.1750000000000002,0.1636523266022828,0.27390782772527883,0.1682312123592565,0,500,250,100,0.005,,,0.25
250,328,52,276,69,4.0,274,2,83.53658536585365,0.6097560975609756,89.02439024390245,30.289786585365828,0.10763178652186678,0.17342071395513442,0.2796707139551342,0.10624999999999979,0.17499999999999963,0.16854933208343148,0.2784140421148796,0.1707822555930128,0,500,250,100,0.005,,,0.25
300,503,43,460,111,4.1441441441441444,453,7,90.0596421471173,1.3916500994035785,92.44532803180914,30.206510934393602,0.10214207117559176,0.16629714994007908,0.27932113860531266,0.11302398866523358,0.17499999999999918,0.17451237809452447,0.27679052980187663,0.17464845862628486,0,500,250,100,0.005,,,0.25
350,734,24,710,167,4.251497005988024,688,21,93.73297002724796,2.861035422343324,94.141689373297,31.17975136239778,0.08988598370672116,0.14328139997588019,0.2745167235905988,0.13123532361471862,0.1749999999999989,0.18115641374680783,0.27027284573517785,0.1803868620284567,0,500,250,100,0.005,,,0.25
400,1186,21,1165,270,4.314814814814815,1134,28,95.61551433389545,2.360876897133221,95.7841483979764,29.809454047217493,0.08082442195538136,0.15670733122969094,0.27542683275819035,0.1187195015284994,0.17499999999999868,0.1924922600619209,0.2716507524875954,0.19082633053221404,0,500,250,100,0.005,,,0.25
450,1811,18,1793,414,4.330917874396135,1751,36,96.68691330756488,1.9878520154610713,96.68691330756488,30.661564053009347,0.0748278388342381,0.1519320601102196,0.27788858542851386,0.12595652531829427,0.0,0.20000000000000162,0.2748278388342397,0.20000000000000162,0,500,250,100,0.005,,,0.25
0,100,62,38,13,2.923076923076923,38,0,38.0,0.0,70.0,0.18650000000000005,0.012224108658743543,0.19407894736842102,0.19407894736842102,0.0,0.17500000000000002,0.18916666666666662,0.19407894736842102,0.18185483870967747,1,500,250,100,0.005,,,0.25
50,109,47,62,21,2.9523809523809526,59,3,54.12844036697248,2.7522935779816513,72.4770642201835,8.858715596330274,0.007418547377770673,0.01729810568295126,0.19229810568295122,0.17499999999999996,0.17499999999999996,0.19074074074074066,0.19146110056926005,0.18404255319148938,1,500,250,100,0.005,,,0.25
100,133,47,86,28,3.0714285714285716,83,3,62.40601503759399,2.255639097744361,77.44360902255639,16.432706766917306,0.03584577285041721,0.04651079565787877,0.22151079565787912,0.17500000000000035,0.17500000000000032,0.19074074074074063,0.21988832604190664,0.18404255319148943,1,500,250,100,0.005,,,0.25
150,152,47,105,35,3.0,101,4,66.44736842105263,2.6315789473684212,79.60526315789474,25.31628289473685,0.08351694742995114,0.09622522341832901,0.27122522341832933,0.17500000000000032,0.17500000000000043,0.19074074074074063,0.2675595006214406,0.1840425531914895,1,500,250,100,0.005,,,0.25
200,220,51,169,54,3.1296296296296298,162,7,73.63636363636364,3.1818181818181817,82.72727272727273,26.849318181818184,0.116698694550386,0.13745908903454482,0.29255859152210717,0.15509950248756235,0.1750000000000002,0.16704782538918322,0.2868650197869485,0.1701663252365625,1,500,250,100,0.005,,,0.25
250,311,50,261,82,3.182926829268293,251,10,80.70739549839229,3.215434083601286,87.13826366559485,29.888183279742744,0.12016542980204936,0.13431146286189208,0.2981560843758363,0.16384462151394422,0.17499999999999966,0.1714077025232409,0.2930100513159937,0.17284462151394436,1,500,250,100,0.005,,,0.25
300,440,41,399,124,3.217741935483871,383,16,87.04545454545455,3.6363636363636362,90.45454545454545,32.738749999999975,0.11537877715244338,0.14271247364047365,0.30027061317535747,0.15755813953488382,0.17499999999999924,0.1815742397137754,0.29454780721483725,0.17916903006239387,1,500,250,100,0.005,,,0.25
350,651,23,628,189,3.322751322751323,597,30,91.70506912442396,4.608294930875576,92.47311827956989,33.47788786482333,0.09653593363353391,0.15318325817420833,0.29843049352121265,0.14524723534700432,0.1749999999999989,0.20000000000000126,0.291101151024839,0.1945652173913051,1,500,250,100,0.005,,,0.25
400,994,18,976,294,3.3197278911564627,939,35,94.46680080482898,3.5211267605633805,94.46680080482898,33.643490945674024,0.09188670103413518,0.15751999536718556,0.297547070477516,0.14002707511033044,0.0,0.20000000000000143,0.2918867010341366,0.20000000000000143,1,500,250,100,0.005,,,0.25
450,1557,18,1539,457,3.3676148796498904,1494,41,95.95375722543352,2.6332691072575467,95.95375722543352,33.160407835581225,0.09384079275416324,0.16692623346828123,0.2982994087621124,0.1313731752938312,0.0,0.20000000000000162,0.29384079275416486,0.20000000000000162,1,500,250,100,0.005,,,0.25
0,100,51,49,17,2.8823529411764706,49,0,49.0,0.0,73.0,0.21525000000000002,0.07113845538215288,0.25153061224489803,0.25153061224489803,0.0,0.17500000000000002,0.18518518518518517,0.25153061224489803,0.18039215686274515,2,500,250,100,0.005,,,0.25
50,112,42,70,21,3.3333333333333335,67,3,59.82142857142857,2.6785714285714284,75.89285714285714,8.920089285714287,0.02717086834733909,0.09378353331382315,0.2127377816798362,0.11895424836601305,0.17499999999999996,0.18645833333333328,0.2087184873949581,0.181547619047619,2,500,250,100,0.005,,,0.25
100,121,42,79,23,3.4347826086956523,76,3,62.8099173553719,2.479338842975207,77.68595041322314,17.63264462809919,0.03374565078569347,0.10131904637832204,0.21914082855654007,0.11782178217821804,0.17500000000000032,0.1864583333333333,0.21529326983331265,0.18154761904761918,2,500,250,100,0.005,,,0.25
150,150,42,108,31,3.4838709677419355,106,2,70.66666666666667,1.3333333333333333,82.66666666666667,23.333000000000013,0.03281496373383774,0.04010527302261613,0.2151052730226166,0.17500000000000046,0.17500000000000043,0.1864583333333334,0.21436258278145703,0.1815476190476193,2,500,250,100,0.005,,,0.25
200,188,40,148,43,3.441860465116279,140,8,74.46808510638297,4.25531914893617,84.04255319148936,26.49002659574467,0.050235562054591704,0.08982675906183349,0.2300008884150674,0.14017412935323392,0.1750000000000002,0.17483604703753963,0.2251453879252386,0.1749098258706469,2,500,250,100,0.005,,,0.25
250,243,39,204,57,3.5789473684210527,194,10,79.83539094650206,4.11522633744856,87.24279835390946,30.77047325102877,0.07332368920374832,0.11369361628166705,0.25522748082349983,0.14153386454183278,0.17499999999999963,0.17747106810851881,0.24965426433910443,0.1763305751353561,2,500,250,100,0.005,,,0.25
300,347,33,314,84,3.738095238095238,299,15,86.1671469740634,4.322766570605188,89.9135446685879,31.9804178674351,0.0681137775180655,0.10125081112190834,0.25064615995911776,0.14939534883720942,0.1749999999999992,0.17944767441860537,0.24580933777176545,0.17769556025369995,2,500,250,100,0.005,,,0.25
350,526,22,504,129,3.9069767441860463,477,26,90.68441064638783,4.942965779467681,92.01520912547528,31.081996197718574,0.06866661889074654,0.10876023505486349,0.25467821207758695,0.14591797702272347,0.1749999999999989,0.1829050279329619,0.2490564106632202,0.18038979177247366,2,500,250,100,0.005,,,0.25
400,789,12,777,190,4.089473684210526,744,32,94.29657794676807,4.055766793409379,94.29657794676807,31.352834811998253,0.0610222820464171,0.11844645721721989,0.26382333870142405,0.14537688148420416,0.0,0.19791666666666805,0.25893894871308515,0.19791666666666805,2,500,250,100,0.005,,,0.25
450,1254,11,1243,295,4.213559322033898,1202,39,95.85326953748006,3.110047846889952,95.85326953748006,30.097590377458754,0.05592084294296118,0.12534316659282588,0.259859911030892,0.13451674443806613,0.0,0.20000000000000162,0.2559208429429628,0.20000000000000162,2,500,250,100,0.005,,,0.25
0,100,62,38,12,3.1666666666666665,38,0,38.0,0.0,71.0,0.21700000000000003,0.09142614601018675,0.2736842105263158,0.2736842105263158,0.0,0.17500000000000002,0.19051724137931036,0.2736842105263158,0.18225806451612905,0,500,250,100,0.005,,,0.5
50,113,55,58,18,3.2222222222222223,56,2,49.557522123893804,1.7699115044247788,74.33628318584071,8.897566371681416,0.04660181941115016,0.09938725490196085,0.23321078431372552,0.13382352941176467,0.17499999999999996,0.1916666666666666,0.22978363759296827,0.1831818181818181,0,500,250,100,0.005,,,0.5
100,139,55,84,25,3.36,81,3,58.273381294964025,2.158273381294964,78.41726618705036,17.44687050359713,0.05765839083908386,0.1361995273601433,0.24570447785519292,0.10950495049504964,0.1750000000000004,0.19166666666666649,0.24084020902090209,0.18318181818181822,0,500,250,100,0.005,,,0.5
150,188,55,133,41,3.2439024390243905,130,3,69.14893617021276,1.5957446808510638,84.04255319148936,23.652340425531918,0.07380215813010055,0.14055166562772603,0.2601543146343488,0.11960264900662276,0.1750000000000005,0.19166666666666649,0.2569839763119189,0.18318181818181833,0,500,250,100,0.005,,,0.5
200,284,55,229,71,3.2253521126760565,219,10,77.11267605633803,3.5211267605633805,86.97183098591549,24.697940140845066,0.07913380265167211,0.12562811373764635,0.2576704022948604,0.13204228855721403,0.17500000000000013,0.17102911369080534,0.25218445846352217,0.17305065581185006,0,500,250,100,0.005,,,0.5
250,407,45,362,110,3.290909090909091,348,14,85.5036855036855,3.43980343980344,90.66339066339066,27.547289107289096,0.08199187098245955,0.12172730288772271,0.2642626377387948,0.14253533485107212,0.17499999999999966,0.1798057768924309,0.2595549519917558,0.17756308100929627,0,500,250,100,0.005,,,0.5
300,612,28,584,172,3.395348837209302,564,20,92.15686274509804,3.2679738562091503,93.30065359477125,29.025484749455327,0.07971568204006824,0.12649701344776929,0.2684746818407081,0.14197766839293882,0.17499999999999918,0.18756921373200539,0.2641425923390721,0.18442691029900388,0,500,250,100,0.005,,,0.5
350,974,18,956,276,3.463768115942029,930,26,95.48254620123203,2.6694045174537986,95.48254620123203,28.68098562628336,0.06359957121578391,0.11822537122154289,0.2668149055795511,0.14858953435800823,0.0,0.20000000000000134,0.26359957121578526,0.20000000000000134,0,500,250,100,0.005,,,0.5
400,1533,18,1515,428,3.539719626168224,1482,33,96.67318982387475,2.152641878669276,96.67318982387475,28.87856381822134,0.06680727462128214,0.11553625880810742,0.26932390600126216,0.15378764719315474,0.0,0.20000000000000148,0.2668072746212836,0.20000000000000148,0,500,250,100,0.005,,,0.5
450,2502,18,2484,691,3.5947901591895803,2440,44,97.52198241406875,1.7585931254996003,97.52198241406875,28.19014321875832,0.06736958624847139,0.11244263190500411,0.2693613236896245,0.1569186917846204,0.0,0.20000000000000162,0.267369586248473,0.20000000000000162,0,500,250,100,0.005,,,0.5
0,100,62,38,13,2.923076923076923,38,0,38.0,0.0,70.0,0.19025000000000006,0.022092529711375125,0.2039473684210526,0.2039473684210526,0.0,0.17500000000000002,0.18916666666666662,0.2039473684210526,0.18185483870967747,1,500,250,100,0.005,,,0.5
50,111,47,64,23,2.782608695652174,59,5,53.153153153153156,4.504504504504505,72.97297297297297,9.869144144144148,0.05807601298498127,0.0728065802592224,0.2478065802592224,0.175,0.17499999999999993,0.19199999999999992,0.24211856617647065,0.18404255319148938,1,500,250,100,0.005,,,0.5
100,141,47,94,31,3.032258064516129,89,5,63.12056737588652,3.5460992907801416,78.72340425531915,17.709397163120578,0.0885058984621867,0.10302870174657897,0.2780287017465793,0.17500000000000032,0.1750000000000003,0.19199999999999984,0.27254845165367614,0.18404255319148943,1,500,250,100,0.005,,,0.5
150,176,47,129,41,3.1463414634146343,123,6,69.88636363636364,3.409090909090909,82.38636363636364,24.872869318181817,0.09866438065963129,0.11296093062434576,0.28796093062434613,0.17500000000000038,0.1750000000000004,0.1919999999999998,0.2827069338511208,0.1840425531914895,1,500,250,100,0.005,,,0.5
200,239,49,190,59,3.2203389830508473,180,9,75.31380753138075,3.7656903765690375,84.51882845188284,28.079288702928864,0.09894078786179902,0.11730674457305998,0.2768285798411641,0.15952183526810412,0.17500000000000024,0.17010318776487943,0.2712425443853041,0.17230175652350507,1,500,250,100,0.005,,,0.5
250,336,47,289,87,3.32183908045977,275,13,81.8452380952381,3.869047619047619,88.39285714285714,30.745163690476158,0.09821099114099435,0.1339169983114999,0.28117795448679866,0.14726095617529877,0.17499999999999966,0.1786135458167336,0.27513308997968233,0.17692209883868798,1,500,250,100,0.005,,,0.5
300,503,39,464,135,3.437037037037037,444,18,88.27037773359841,3.5785288270377733,91.45129224652088,31.191550695825004,0.0870211603003535,0.12100543515413392,0.2728626702962527,0.1518572351421188,0.17499999999999918,0.18538928210313535,0.2681481728227151,0.18112701252236157,1,500,250,100,0.005,,,0.5
350,782,21,761,216,3.5231481481481484,729,30,93.22250639386189,3.836317135549872,93.73401534526855,30.17035912190958,0.06941814692463838,0.12472493189647202,0.26958608136812867,0.14486114947165665,0.1749999999999989,0.20000000000000132,0.2646562421627345,0.1952380952380961,1,500,250,100,0.005,,,0.5
400,1190,17,1173,326,3.598159509202454,1135,35,95.3781512605042,2.9411764705882355,95.3781512605042,30.459744397759053,0.06830441536155488,0.1226869848657062,0.271974538840445,0.14928755397473878,0.0,0.20000000000000148,0.26830441536155636,0.20000000000000148,1,500,250,100,0.005,,,0.5
450,1810,17,1793,494,3.6295546558704452,1746,43,96.46408839779005,2.3756906077348066,96.46408839779005,30.95305939226515,0.06557661597773765,0.12553245488148504,0.26859388571496895,0.1430614308334839,0.0,0.20000000000000165,0.2655766159777393,0.20000000000000165,1,500,250,100,0.005,,,0.5
0,100,55,45,15,3.0,42,3,42.0,3.0,72.0,0.20975000000000002,0.06712121212121216,0.07678571428571432,0.25178571428571433,0.17500000000000002,0.17499999999999996,0.18500000000000003,0.24666666666666678,0.17954545454545462,2,500,250,100,0.005,,,0.5
50,119,43,76,23,3.3043478260869565,71,5,59.66386554621849,4.201680672268908,76.47058823529412,9.281722689075627,0.07060503515971878,0.10383871858602609,0.2582504832919084,0.15441176470588233,0.17499999999999996,0.1858695652173912,0.25141898864809087,0.1808139534883721,2,500,250,100,0.005,,,0.5
100,139,43,96,28,3.4285714285714284,91,5,65.46762589928058,3.597122302158273,79.85611510791367,17.912769784172674,0.06607651680865756,0.0977749972799477,0.25198291807202716,0.15420792079207946,0.17500000000000032,0.1858695652173913,0.24689047029702982,0.18081395348837226,2,500,250,100,0.005,,,0.5
150,180,43,137,42,3.261904761904762,130,7,72.22222222222223,3.888888888888889,83.33333333333333,24.840745370370374,0.09177265484858646,0.13157694127064953,0.27930951774494817,0.14773257647429863,0.17500000000000043,0.18586956521739137,0.2725866083369588,0.18081395348837234,2,500,250,100,0.005,,,0.5
200,249,41,208,63,3.3015873015873014,192,16,77.10843373493977,6.42570281124498,85.14056224899599,28.267807898259697,0.11776199959007311,0.1723441602750136,0.301923865913488,0.12957970563847443,0.1750000000000002,0.1670042643923242,0.28866662281541,0.1709046232253369,2,500,250,100,0.005,,,0.5
250,354,36,318,94,3.382978723404255,300,18,84.7457627118644,5.084745762711864,89.26553672316385,32.167427024482066,0.13015668588747714,0.17617164674634772,0.31277696159805213,0.1366053148517044,0.1749999999999996,0.17076693227091683,0.30280498159354186,0.1726482957060647,2,500,250,100,0.005,,,0.5
300,539,28,511,145,3.524137931034483,487,24,90.35250463821892,4.452690166975882,92.57884972170686,33.51420531849099,0.13245049027866843,0.1745738518932207,0.3179337067331265,0.1433598548399058,0.17499999999999918,0.17899709302325661,0.30973454343481477,0.17728405315614634,2,500,250,100,0.005,,,0.5
350,862,11,851,232,3.668103448275862,815,36,94.5475638051044,4.176334106728539,94.66357308584686,33.147130703789585,0.1068441798980482,0.16799879445154628,0.311678334646774,0.14367954019522775,0.1749999999999989,0.20000000000000134,0.30457145262532204,0.19772727272727383,2,500,250,100,0.005,,,0.5
400,1345,10,1335,359,3.7186629526462394,1286,49,95.61338289962825,3.643122676579926,95.61338289962825,33.79490086741011,0.11030037460288988,0.16852980532265066,0.31648611277578265,0.14795630745313199,0.0,0.20000000000000145,0.31030037460289134,0.20000000000000145,2,500,250,100,0.005,,,0.5
450,2096,10,2086,558,3.738351254480287,2029,57,96.80343511450381,2.719465648854962,96.80343511450381,34.66355279898214,0.11808150030125761,0.17242188741057332,0.3227929325075885,0.15037104509701518,0.0,0.20000000000000165,0.31808150030125926,0.20000000000000165,2,500,250,100,0.005,,,0.5
0,100,60,40,13,3.076923076923077,39,1,39.0,1.0,68.0,0.20025,0.04958333333333334,0.056410256410256404,0.23141025641025642,0.17500000000000002,0.175,0.18548387096774197,0.22999999999999998,0.18041666666666664,0,500,250,100,0.005,,,1.0
50,116,51,65,19,3.4210526315789473,63,2,54.310344827586206,1.7241379310344827,72.41379310344827,8.801293103448279,0.0630316742081449,0.07160753190164973,0.24660753190164972,0.175,0.17499999999999996,0.18583333333333332,0.24440422322775274,0.18137254901960784,0,500,250,100,0.005,,,1.0
100,143,51,92,26,3.5384615384615383,90,2,62.93706293706294,1.3986013986013985,77.62237762237763,16.820629370629387,0.056025212495674104,0.06378437843784357,0.2387843784378439,0.17500000000000032,0.17500000000000032,0.18583333333333332,0.23739776151528208,0.18137254901960798,0,500,250,100,0.005,,,1.0
150,192,51,141,39,3.6153846153846154,139,2,72.39583333333333,1.0416666666666667,83.33333333333333,22.78854166666667,0.06518233332504458,0.07258444899709321,0.24758444899709367,0.17500000000000046,0.1750000000000004,0.18583333333333338,0.24655488234465264,0.18137254901960806,0,500,250,100,0.005,,,1.0
200,305,47,258,75,3.44,237,21,77.70491803278688,6.885245901639344,84.26229508196721,22.39909836065573,0.08370689846167456,0.126614816214287,0.25518032201859886,0.12856550580431186,0.1750000000000002,0.15092131932927966,0.24487446488487785,0.1611675664232033,0,500,250,100,0.005,,,1.0
250,458,31,427,117,3.6495726495726495,396,31,86.46288209606988,6.7685589519650655,88.8646288209607,24.520196506550203,0.07432106151635343,0.11472496644710978,0.2537398745566075,0.13901490810949774,0.1749999999999996,0.168939243027889,0.24541089572789462,0.1710898342115412,0,500,250,100,0.005,,,1.0
300,689,17,672,175,3.84,633,39,91.8722786647315,5.660377358490566,92.16255442670537,26.198222060957885,0.05361665407888236,0.10432465258151793,0.24831690064353376,0.14399224806201583,0.17499999999999918,0.19046511627907073,0.2422623449133564,0.18864569083447405,0,500,250,100,0.005,,,1.0
350,1084,13,1071,273,3.923076923076923,1024,47,94.4649446494465,4.3357933579335795,94.4649446494465,26.26217712177118,0.04326895103262027,0.09625491922023821,0.24749302311791682,0.1512381038976786,0.0,0.20000000000000137,0.24326895103262164,0.20000000000000137,0,500,250,100,0.005,,,1.0
400,1697,13,1684,413,4.0774818401937045,1630,54,96.05185621685327,3.1820860341779613,96.05185621685327,26.705347672362958,0.04650429203847467,0.10182290528200705,0.24976939707721033,0.14794649179520328,0.0,0.20000000000000148,0.24650429203847615,0.20000000000000148,0,500,250,100,0.005,,,1.0
450,2726,13,2713,659,4.116843702579666,2645,67,97.02861335289802,2.4578136463683053,97.02861335289802,26.467907801418406,0.048226836817855445,0.09246409296480138,0.25051116359832976,0.15804707063352838,0.0,0.20000000000000162,0.24822683681785707,0.20000000000000162,0,500,250,100,0.005,,,1.0
0,100,62,38,13,2.923076923076923,38,0,38.0,0.0,72.0,0.16400000000000003,-0.042741935483871035,0.13749999999999996,0.13749999999999996,0.0,0.17500000000000002,0.1866071428571429,0.13749999999999996,0.180241935483871,1,500,250,100,0.005,,,1.0
50,108,47,61,22,2.772727272727273,53,8,49.074074074074076,7.407407407407407,74.07407407407408,7.868518518518518,-0.03307207780217061,-0.030105438401775736,0.14489456159822425,0.175,0.17499999999999996,0.1912499999999999,0.14884281581485065,0.18191489361702126,1,500,250,100,0.005,,,1.0
100,133,47,86,29,2.9655172413793105,78,8,58.64661654135338,6.015037593984962,78.94736842105263,13.997368421052643,-0.005435501491762251,0.00163112465092638,0.1766311246509267,0.17500000000000032,0.17500000000000038,0.19124999999999984,0.17647939212525915,0.1819148936170214,1,500,250,100,0.005,,,1.0
150,130,47,83,27,3.074074074074074,74,9,56.92307692307692,6.923076923076923,77.6923076923077,24.524038461538467,0.06829654817664324,0.08435877930910998,0.2593587793091104,0.1750000000000004,0.1750000000000005,0.1912499999999998,0.2502114417936647,0.18191489361702148,1,500,250,100,0.005,,,1.0
200,176,45,131,42,3.119047619047619,114,17,64.77272727272727,9.659090909090908,80.11363636363636,26.86519886363635,0.06544202228889445,0.10463446441682164,0.25505149690145745,0.1504170324846358,0.17500000000000016,0.17757739082365964,0.24147297861835842,0.17603095632946397,1,500,250,100,0.005,,,1.0
250,218,43,175,54,3.240740740740741,156,19,71.55963302752293,8.715596330275229,83.4862385321101,32.34323394495408,0.09209830659144566,0.13415211807421812,0.28403298509848096,0.14988086702426284,0.17499999999999963,0.18099367236934671,0.26946789799328014,0.17736959140183448,1,500,250,100,0.005,,,1.0
300,312,42,270,79,3.4177215189873418,250,20,80.12820512820512,6.410256410256411,88.14102564102564,33.30817307692301,0.10404674498054683,0.1411834725358013,0.29281319637301045,0.15162972383720916,0.17499999999999918,0.183173734610124,0.2823551613703585,0.17830841638981165,1,500,250,100,0.005,,,1.0
350,454,35,419,119,3.5210084033613445,398,21,87.66519823788546,4.6255506607929515,91.85022026431719,33.711894273127676,0.09344444370823457,0.13015815620847895,0.2842535978039203,0.15409544159544133,0.1749999999999989,0.1953125000000011,0.2777301579939488,0.18428571428571422,1,500,250,100,0.005,,,1.0
400,689,31,658,181,3.6353591160220993,632,26,91.72714078374456,3.7735849056603774,93.75907111756169,32.97269593613927,0.09909131513407371,0.13717820880007903,0.2858332707418006,0.14865506194172157,0.17499999999999866,0.18652751423150019,0.28041285519650866,0.18132154006243495,1,500,250,100,0.005,,,1.0
450,1050,16,1034,274,3.7737226277372264,1001,33,95.33333333333333,3.142857142857143,95.52380952380952,33.103535714285655,0.09026174057058961,0.1428793868670248,0.29013422100251707,0.14725483413549226,0.17499999999999852,0.19821428571428723,0.2855742405705908,0.19531250000000117,1,500,250,100,0.005,,,1.0
0,100,58,42,14,3.0,42,0,42.0,0.0,75.0,0.20350000000000001,0.053489326765188805,0.23452380952380955,0.23452380952380955,0.0,0.17500000000000002,0.18900000000000003,0.23452380952380955,0.18103448275862075,2,500,250,100,0.005,,,1.0
50,122,50,72,21,3.4285714285714284,71,1,58.19672131147541,0.819672131147541,79.50819672131148,9.394262295081969,0.06651579520697176,0.0745512289422812,0.24955122894228118,0.175,0.17499999999999996,0.1895833333333333,0.24851579520697176,0.182,2,500,250,100,0.005,,,1.0
100,138,50,88,25,3.52,87,1,63.04347826086956,0.7246376811594203,81.8840579710145,18.869565217391315,0.10276035103510345,0.11102196426539185,0.28602196426539217,0.17500000000000032,0.17500000000000038,0.18958333333333324,0.28476035103510355,0.1820000000000001,2,500,250,100,0.005,,,1.0
150,182,50,132,37,3.5675675675675675,130,2,71.42857142857143,1.098901098901099,85.71428571428571,25.780219780219774,0.1110237808549065,0.2086856851757511,0.29618568517575133,0.08750000000000023,0.17500000000000046,0.18958333333333324,0.29302378085490666,0.18200000000000016,2,500,250,100,0.005,,,1.0
200,266,49,217,62,3.5,207,10,77.81954887218045,3.7593984962406015,87.59398496240601,28.539097744360888,0.12182291308434756,0.18466658254620594,0.30037553777008663,0.1157089552238807,0.17500000000000016,0.164438676184296,0.29186555700758865,0.1700426439232411,2,500,250,100,0.005,,,1.0
250,394,39,355,97,3.6597938144329896,345,10,87.56345177664974,2.5380710659898478,91.6243654822335,31.10780456852788,0.117959912438479,0.1562199072651485,0.29775377180698137,0.14153386454183287,0.1749999999999996,0.17566689762688428,0.29335321103894907,0.17539329860047007,2,500,250,100,0.005,,,1.0
300,619,23,596,157,3.7961783439490446,578,17,93.37641357027464,2.7463651050080777,93.8610662358643,30.954321486268125,0.10244014167450155,0.14591962901443398,0.28873768646997455,0.14281805745554058,0.17499999999999918,0.18319767441860546,0.2845685542124193,0.18212841253791773,2,500,250,100,0.005,,,1.0
350,964,14,950,247,3.8461538461538463,920,29,95.4356846473029,3.008298755186722,95.4356846473029,31.058091286306997,0.07834559777806763,0.13963442348847271,0.28261261388045644,0.14297819039198373,0.0,0.20000000000000137,0.278345597778069,0.20000000000000137,2,500,250,100,0.005,,,1.0
400,1479,14,1465,380,3.8552631578947367,1431,33,96.75456389452333,2.231237322515213,96.75456389452333,31.591751183231864,0.09095177981580496,0.158223937909021,0.2945183030063786,0.1362943650973576,0.0,0.20000000000000148,0.29095177981580644,0.20000000000000148,2,500,250,100,0.005,,,1.0
450,2333,14,2319,600,3.865,2274,41,97.4710672953279,1.7573939134162022,97.4710672953279,31.625444706386578,0.09115878786232565,0.1484305721974959,0.29378757985373,0.1453570076562341,0.0,0.2000000000000016,0.29115878786232724,0.2000000000000016,2,500,250,100,0.005,,,1.0
0,100,62,38,12,3.1666666666666665,38,0,38.0,0.0,70.0,0.21275000000000002,0.08130305602716476,0.26315789473684215,0.26315789473684215,0.0,0.17500000000000002,0.18916666666666668,0.26315789473684215,0.1818548387096774,0,500,250,100,0.005,,,2.0
50,127,49,78,26,3.0,75,3,59.05511811023622,2.3622047244094486,76.37795275590551,9.097047244094487,0.09118198561475885,0.10384967320261448,0.27884967320261445,0.17499999999999996,0.17499999999999993,0.1907407407407407,0.2748554550025139,0.18367346938775506,0,500,250,100,0.005,,,2.0
100,147,49,98,32,3.0625,95,3,64.62585034013605,2.0408163265306123,79.59183673469387,18.689625850340143,0.09760475972567248,0.10963438371700915,0.2846343837170095,0.17500000000000035,0.1750000000000003,0.19074074074074063,0.28127822911342765,0.18367346938775517,0,500,250,100,0.005,,,2.0
150,195,49,146,48,3.0416666666666665,141,5,72.3076923076923,2.5641025641025643,83.58974358974359,25.151282051282045,0.08440208013896833,0.13261723568015318,0.27261723568015345,0.14000000000000026,0.1750000000000004,0.19074074074074063,0.2680755495267236,0.18367346938775525,0,500,250,100,0.005,,,2.0
200,276,45,231,77,3.0,217,14,78.6231884057971,5.072463768115942,85.8695652173913,28.016032608695635,0.10710624702942992,0.16985929008926487,0.29255829506438935,0.1226990049751245,0.1750000000000002,0.17528358208955236,0.2822637926347369,0.17515754560530697,0,500,250,100,0.005,,,2.0
250,416,36,380,123,3.089430894308943,362,18,87.01923076923077,4.326923076923077,90.38461538461539,29.999639423076893,0.1082645838525074,0.17247414158060137,0.29704253467489106,0.12456839309428967,0.17499999999999963,0.18417692864904078,0.28887270691580996,0.18060812306330257,0,500,250,100,0.005,,,2.0
300,634,26,608,190,3.2,586,22,92.42902208201893,3.470031545741325,93.69085173501577,31.45800473186117,0.10524396585799753,0.16511762472129374,0.3025647705986724,0.13744714587737863,0.17499999999999918,0.1986111111111121,0.29659011970415183,0.1913461538461543,0,500,250,100,0.005,,,2.0
350,1025,17,1008,306,3.2941176470588234,975,32,95.1219512195122,3.1219512195121952,95.1219512195122,30.97050406504062,0.09708035902892673,0.16562705810881082,0.30234358232533515,0.13671652421652433,0.0,0.20000000000000132,0.29708035902892804,0.20000000000000132,0,500,250,100,0.005,,,2.0
400,1588,17,1571,477,3.293501048218029,1530,40,96.34760705289672,2.5188916876574305,96.34760705289672,31.86629932829552,0.09464563331955686,0.15690431348479741,0.29864319544655954,0.14173888196176213,0.0,0.20000000000000148,0.29464563331955834,0.20000000000000148,0,500,250,100,0.005,,,2.0
450,2491,17,2474,746,3.316353887399464,2422,50,97.2300281011642,2.007226013649137,97.2300281011642,32.557614077345086,0.09995440451950702,0.15598497223443472,0.30310944036567444,0.14712446813123972,0.0,0.20000000000000165,0.29995440451950867,0.20000000000000165,0,500,250,100,0.005,,,2.0
0,100,62,38,13,2.923076923076923,37,1,37.0,1.0,68.0,0.17675000000000002,-0.012372665534804844,-0.00608108108108113,0.1689189189189189,0.17500000000000002,0.17499999999999996,0.1879032258064516,0.16907894736842102,0.18145161290322587,1,500,250,100,0.005,,,2.0
50,104,48,56,19,2.9473684210526314,50,6,48.07692307692308,5.769230769230769,69.23076923076923,7.83389423076923,-0.030330882352941124,-0.02463725490196078,0.15036274509803924,0.17500000000000002,0.17499999999999993,0.19038461538461535,0.1530024509803922,0.18333333333333332,1,500,250,100,0.005,,,2.0
100,111,48,63,22,2.8636363636363638,57,6,51.351351351351354,5.405405405405405,71.17117117117117,15.320495495495512,-0.03457095709570948,-0.028999478895258113,0.14600052110474218,0.1750000000000003,0.1750000000000003,0.19038461538461526,0.14876237623762395,0.18333333333333343,1,500,250,100,0.005,,,2.0
150,123,48,75,29,2.586206896551724,69,6,56.09756097560975,4.878048780487805,73.98373983739837,22.371747967479692,0.0023907284768211745,0.011656588924080669,0.18665658892408113,0.17500000000000046,0.1750000000000004,0.1903846153846153,0.18572406181015466,0.1833333333333335,1,500,250,100,0.005,,,2.0
200,141,46,95,37,2.5675675675675675,84,11,59.57446808510638,7.801418439716312,75.177304964539,26.38031914893618,0.0147162926784839,0.05169754582068012,0.2013696398957594,0.14967209407507928,0.17500000000000024,0.18586235489220573,0.19538360827441745,0.18066731559593355,1,500,250,100,0.005,,,2.0
250,179,46,133,51,2.607843137254902,121,12,67.59776536312849,6.70391061452514,79.88826815642459,29.51229050279327,0.036388118659718444,0.06732546398428318,0.22373316650752345,0.15640770252324027,0.17499999999999966,0.1870185922974773,0.2176586885540543,0.18127056989433585,1,500,250,100,0.005,,,2.0
300,225,46,179,69,2.5942028985507246,167,12,74.22222222222223,5.333333333333333,84.0,32.64799999999995,0.02553441003472323,0.05114007864669337,0.21063620267770092,0.15949612403100755,0.17499999999999924,0.18779069767441947,0.2072078175170287,0.18167340748230545,1,500,250,100,0.005,,,2.0
350,308,43,265,100,2.65,249,16,80.84415584415585,5.194805194805195,87.66233766233766,32.27516233766227,0.029313799898371518,0.057976932788322555,0.21359682066627472,0.15561988787795217,0.1749999999999989,0.18630221130221225,0.21009632661113073,0.1807825267127592,1,500,250,100,0.005,,,2.0
400,442,38,404,146,2.767123287671233,385,19,87.10407239819004,4.298642533936651,90.9502262443439,31.51052036199089,0.031028862502742005,0.054581082634716616,0.2159866120760549,0.1614055294413383,0.17499999999999868,0.18837386018237204,0.21341967997194694,0.18239081746920494,1,500,250,100,0.005,,,2.0
450,666,17,649,228,2.8464912280701755,624,25,93.69369369369369,3.7537537537537538,93.84384384384384,29.509159159159104,0.011554850419536855,0.04981585800258076,0.2120032089485963,0.16218735094601555,0.17499999999999852,0.20000000000000165,0.21008426218424417,0.19852941176470731,1,500,250,100,0.005,,,2.0
0,100,55,45,15,3.0,42,3,42.0,3.0,73.0,0.2,0.043434343434343464,0.05238095238095239,0.2273809523809524,0.17500000000000002,0.17499999999999996,0.1875,0.22388888888888894,0.18045454545454548,2,500,250,100,0.005,,,2.0
50,119,46,73,21,3.4761904761904763,68,5,57.142857142857146,4.201680672268908,76.47058823529412,9.055252100840336,0.05552499737238559,0.06660899653979252,0.2416089965397925,0.175,0.17499999999999993,0.1880434782608695,0.23704673650282035,0.18152173913043476,2,500,250,100,0.005,,,2.0
100,150,46,104,29,3.586206896551724,99,5,66.0,3.3333333333333335,81.33333333333333,16.214166666666678,0.04806460892744785,0.05734323432343211,0.2323432343234324,0.1750000000000003,0.17500000000000032,0.1880434782608695,0.22958634805788278,0.18152173913043493,2,500,250,100,0.005,,,2.0
150,194,46,148,40,3.7,143,5,73.71134020618557,2.577319587628866,85.56701030927834,22.355798969072165,0.056549900389879976,0.06527694160144445,0.2402769416014449,0.17500000000000043,0.1750000000000004,0.1880434782608695,0.238071639520315,0.181521739130435,2,500,250,100,0.005,,,2.0
200,273,48,225,62,3.629032258064516,214,11,78.3882783882784,4.029304029304029,86.81318681318682,25.04679487179486,0.08258883215501414,0.11809336500656373,0.25510150611918264,0.13700814111261891,0.1750000000000002,0.15913930348258717,0.24932805271886174,0.1667392205638476,2,500,250,100,0.005,,,2.0
250,417,40,377,101,3.732673267326733,362,15,86.81055155875299,3.597122302158273,91.12709832134293,26.53315347721819,0.08150537053927295,0.12270561802168614,0.260521023068167,0.13781540504648085,0.17499999999999963,0.17342448388265172,0.2556388366747312,0.17413346613545824,2,500,250,100,0.005,,,2.0
300,658,25,633,164,3.8597560975609757,610,23,92.70516717325228,3.4954407294832825,93.9209726443769,26.950569908814543,0.07391586560390556,0.106614780213616,0.25734784391432386,0.15073306370070785,0.17499999999999918,0.18170314637482984,0.25347400513878965,0.1795581395348841,2,500,250,100,0.005,,,2.0
350,1036,12,1024,262,3.9083969465648853,987,37,95.27027027027027,3.5714285714285716,95.27027027027027,27.053692084942035,0.053234289593075995,0.09682485916670178,0.2567328440746867,0.15990798490798494,0.0,0.20000000000000137,0.25323428959307737,0.20000000000000137,2,500,250,100,0.005,,,2.0
400,1608,12,1596,403,3.9602977667493797,1547,49,96.20646766169155,3.0472636815920398,96.20646766169155,27.41724191542284,0.05160125387545447,0.08931855247994488,0.25434349013580515,0.16502493765586027,0.0,0.20000000000000148,0.25160125387545595,0.20000000000000148,2,500,250,100,0.005,,,2.0
450,2550,12,2538,643,3.947122861586314,2477,58,97.13725490196079,2.2745098039215685,97.13725490196079,27.37582843137251,0.05839404483243371,0.09301512922916452,0.26052220163531165,0.16750707240614712,0.0,0.20000000000000162,0.25839404483243533,0.20000000000000162,2,500,250,100,0.005,,,2.0
0,100,62,38,12,3.1666666666666665,38,0,38.0,0.0,70.0,0.20975000000000002,0.07340831918505947,0.25526315789473686,0.25526315789473686,0.0,0.17500000000000002,0.18916666666666668,0.25526315789473686,0.1818548387096774,0,500,250,100,0.005,,,5.0
50,115,51,64,19,3.3684210526315788,61,3,53.04347826086956,2.608695652173913,73.91304347826087,8.970869565217392,0.04125306372549031,0.052025072324011684,0.22702507232401165,0.17499999999999996,0.17499999999999996,0.19074074074074068,0.2245863970588236,0.1833333333333333,0,500,250,100,0.005,,,5.0
100,147,51,96,27,3.5555555555555554,93,3,63.265306122448976,2.0408163265306123,79.59183673469387,16.520748299319735,0.050525990099009876,0.06075801128499919,0.23575801128499954,0.17500000000000035,0.17500000000000035,0.19074074074074054,0.23385932343234328,0.1833333333333334,0,500,250,100,0.005,,,5.0
150,208,51,157,43,3.6511627906976742,152,5,73.07692307692308,2.4038461538461537,84.61538461538461,21.45108173076923,0.050057648233292396,0.06031173753921196,0.2353117375392122,0.17500000000000024,0.17500000000000046,0.1907407407407406,0.23339098156662585,0.18333333333333346,0,500,250,100,0.005,,,5.0
200,318,53,265,73,3.6301369863013697,252,13,79.24528301886792,4.088050314465409,86.79245283018868,22.510455974842763,0.06515488594762009,0.10543861887145448,0.2375760088446655,0.13213738997321103,0.17500000000000018,0.16083376222336607,0.2324035482962545,0.16724866234863442,0,500,250,100,0.005,,,5.0
250,470,43,427,112,3.8125,408,18,86.80851063829788,3.8297872340425534,90.85106382978724,24.762606382978706,0.06620107712079848,0.10743166277103056,0.24524706781751152,0.13781540504648096,0.17499999999999963,0.1741160358565743,0.24070770178493278,0.1745066246641343,0,500,250,100,0.005,,,5.0
300,714,23,691,174,3.971264367816092,661,28,92.57703081232494,3.9215686274509802,93.27731092436974,26.254446778711465,0.054660465937721114,0.10996246025673745,0.2485629585956081,0.13860049833887064,0.17499999999999918,0.19344315245478136,0.24409423742407158,0.18943377148635046,0,500,250,100,0.005,,,5.0
350,1171,17,1154,285,4.049122807017544,1108,43,94.6199829205807,3.672075149444919,94.6199829205807,25.185802732707067,0.03657205052964188,0.10281796540146226,0.24041320822926335,0.13759524282780108,0.0,0.20000000000000132,0.2365720505296432,0.20000000000000132,0,500,250,100,0.005,,,5.0
400,1759,17,1742,431,4.041763341067285,1688,49,95.96361569073338,2.785673678226265,95.96361569073338,26.5524019329164,0.042460798280491735,0.10569352354626718,0.24544236572653072,0.13974884218026354,0.0,0.20000000000000148,0.24246079828049322,0.20000000000000148,0,500,250,100,0.005,,,5.0
450,2812,17,2795,696,4.015804597701149,2725,61,96.90611664295875,2.1692745376955904,96.90611664295875,26.364562588904665,0.04165954833255403,0.09583114590246558,0.24375778950271015,0.14792664360024457,0.0,0.20000000000000165,0.24165954833255568,0.20000000000000165,0,500,250,100,0.005,,,5.0
0,100,63,37,13,2.8461538461538463,37,0,37.0,0.0,68.0,0.17525000000000002,-0.016484341484341608,0.16486486486486482,0.16486486486486482,0.0,0.17499999999999996,0.18750000000000003,0.16486486486486482,0.18134920634920643,1,500,250,100,0.005,,,5.0
50,104,51,53,18,2.9444444444444446,51,2,49.03846153846154,1.9230769230769231,69.23076923076923,7.9319711538461535,-0.02999445061043282,-0.023019992310649745,0.15198000768935024,0.175,0.17499999999999996,0.1883333333333332,0.15284868664446913,0.18284313725490195,1,500,250,100,0.005,,,5.0
100,118,51,67,22,3.0454545454545454,65,2,55.08474576271186,1.694915254237288,72.88135593220339,14.801483050847471,-0.01491791189654526,-0.007292460015232538,0.16770753998476778,0.17500000000000032,0.17500000000000032,0.18833333333333332,0.16792522535835683,0.1828431372549021,1,500,250,100,0.005,,,5.0
150,139,51,88,32,2.75,86,2,61.8705035971223,1.4388489208633093,76.97841726618705,21.110431654676272,0.011691405189408588,0.019988834129061633,0.1949888341290621,0.17500000000000046,0.1750000000000004,0.18833333333333335,0.1945345424443107,0.18284313725490212,1,500,250,100,0.005,,,5.0
200,188,57,131,47,2.7872340425531914,123,8,65.42553191489361,4.25531914893617,76.59574468085107,21.59215425531915,0.03757183348024823,0.06115459288921235,0.20132872224244627,0.14017412935323392,0.1750000000000002,0.15128524046434508,0.19759409061562416,0.16002225713537593,1,500,250,100,0.005,,,5.0
250,231,57,174,59,2.9491525423728815,166,8,71.86147186147186,3.463203463203463,80.95238095238095,26.157575757575746,0.040580298286587185,0.06066157058512911,0.2077731243699898,0.14711155378486068,0.17499999999999966,0.15822266489597211,0.20498408664193787,0.1644037883553507,1,500,250,100,0.005,,,5.0
300,311,55,256,84,3.0476190476190474,248,8,79.7427652733119,2.572347266881029,85.85209003215434,28.35651125401927,0.035852392179949066,0.05280923467473983,0.2045534207212516,0.15174418604651177,0.1749999999999992,0.16285529715762348,0.20290313213766598,0.1670507399577169,1,500,250,100,0.005,,,5.0
350,433,42,391,126,3.1031746031746033,365,26,84.29561200923787,6.0046189376443415,87.52886836027713,28.479387990762092,0.03909686209116581,0.07998921602667403,0.2158197830476093,0.13583056702093527,0.1749999999999989,0.1696059174320052,0.21050080704583557,0.17140394495466976,1,500,250,100,0.005,,,5.0
400,664,26,638,194,3.288659793814433,602,36,90.66265060240964,5.421686746987952,92.01807228915662,27.41871234939756,0.027211789113092216,0.07513893045472178,0.22183621875534124,0.14669728830061946,0.17499999999999868,0.19852941176470726,0.217596404497708,0.1903846153846158,1,500,250,100,0.005,,,5.0
450,1003,16,987,292,3.3801369863013697,949,38,94.6161515453639,3.7886340977068795,94.6161515453639,27.095264207377834,0.024245972841657637,0.07493555706825547,0.22713102975006222,0.15219547268180675,0.0,0.20000000000000165,0.22424597284165929,0.20000000000000165,1,500,250,100,0.005,,,5.0
0,100,55,45,15,3.0,42,3,42.0,3.0,73.0,0.20149999999999998,0.04676767676767682,0.05595238095238095,0.23095238095238096,0.17500000000000002,0.17499999999999996,0.1875,0.2272222222222223,0.18045454545454548,2,500,250,100,0.005,,,5.0
50,112,42,70,20,3.5,60,10,53.57142857142857,8.928571428571429,75.0,8.762723214285716,0.02157563025210099,0.033504901960784456,0.20850490196078444,0.175,0.17499999999999996,0.19166666666666657,0.2037184873949581,0.1821428571428571,2,500,250,100,0.005,,,5.0
100,129,42,87,25,3.48,77,10,59.689922480620154,7.751937984496124,78.29457364341086,16.376937984496138,0.0016826805833292935,0.009971711456859766,0.18497171145686006,0.1750000000000003,0.17500000000000035,0.1916666666666665,0.18382553772618657,0.18214285714285727,2,500,250,100,0.005,,,5.0
150,158,42,116,36,3.2222222222222223,106,10,67.0886075949367,6.329113924050633,82.27848101265823,22.84731012658228,0.025702826803249063,0.03594433337498387,0.2109443333749843,0.17500000000000043,0.17500000000000046,0.19166666666666649,0.2078456839461064,0.18214285714285733,2,500,250,100,0.005,,,5.0
200,210,41,169,54,3.1296296296296298,153,16,72.85714285714286,7.619047619047619,84.28571428571429,26.196071428571415,0.05332955849588708,0.0883336963155037,0.2372142933304293,0.1488805970149256,0.17500000000000018,0.17625841381328666,0.2288513398331036,0.17552178133721652,2,500,250,100,0.005,,,5.0
250,294,39,255,79,3.2278481012658227,239,16,81.29251700680273,5.442176870748299,88.77551020408163,28.90595238095234,0.07984800121769589,0.10961365626416403,0.26369732160280934,0.15408366533864531,0.17499999999999966,0.1795230841340526,0.2568196019940776,0.17697160077638172,2,500,250,100,0.005,,,5.0
300,435,33,402,119,3.3781512605042017,382,20,87.816091954023,4.597701149425287,91.95402298850574,29.799999999999937,0.0763047646541904,0.09861774448455185,0.2596642561124586,0.16104651162790673,0.1749999999999992,0.18259689922480712,0.25475790066546594,0.17845313601127555,2,500,250,100,0.005,,,5.0
350,678,19,659,187,3.5240641711229945,633,26,93.36283185840708,3.8348082595870205,94.3952802359882,29.230825958702,0.06606040127186766,0.1011826929363506,0.26084190836479654,0.15965921542844594,0.1749999999999989,0.20000000000000137,0.25684987495607864,0.19078947368421098,2,500,250,100,0.005,,,5.0
400,1041,12,1029,285,3.610526315789474,994,35,95.48511047070124,3.362151777137368,95.48511047070124,29.35816522574442,0.053642984416883005,0.09173840052021554,0.2567633381760755,0.16502493765585996,0.0,0.20000000000000148,0.2536429844168845,0.20000000000000148,2,500,250,100,0.005,,,5.0
450,1635,12,1623,443,3.6636568848758464,1578,45,96.5137614678899,2.7522935779816513,96.5137614678899,28.944908256880684,0.06386216480633128,0.09849122593802187,0.26659297513733166,0.16810174919930979,0.0,0.20000000000000162,0.2638621648063329,0.20000000000000162,2,500,250,100,0.005,,,5.0
