tick,total_cells,lone_cells,clustered_cells,num_clusters,avg_cluster_size,cooperators,defectors,cooperator_pct,defector_pct,coop_genome_pct,mean_fitness,multi_advantage,coop_advantage,coop_rate_clustered,def_rate_clustered,coop_rate_lone,def_rate_lone,cluster_rate,lone_rate,seed,ticks,grid_size,initial_cells,mutation_rate,task_flip_period
0,100,62,38,12,3.1666666666666665,38,0,38.0,0.0,71.0,0.20600000000000002,0.06460101867572163,0.24605263157894744,0.24605263157894744,0.0,0.17500000000000002,0.18879310344827588,0.24605263157894744,0.1814516129032258,0,500,250,100,0.005,
50,118,54,64,18,3.5555555555555554,60,4,50.847457627118644,3.389830508474576,75.42372881355932,9.045550847457626,0.06674240876906329,0.07909313725490202,0.254093137254902,0.175,0.17499999999999993,0.19099999999999995,0.24914981617647067,0.18240740740740738,0,500,250,100,0.005,
100,132,53,79,21,3.761904761904762,75,4,56.81818181818182,3.0303030303030303,78.03030303030303,18.35454545454547,0.06965806088353912,0.08132284299858544,0.25632284299858576,0.17500000000000032,0.1750000000000004,0.19099999999999986,0.25220523069485995,0.18254716981132083,0,500,250,100,0.005,
150,176,53,123,32,3.84375,119,4,67.61363636363636,2.272727272727273,83.52272727272727,24.182386363636375,0.08762796268472473,0.09837429661355943,0.2733742966135599,0.17500000000000046,0.1750000000000005,0.19099999999999986,0.27017513249604563,0.1825471698113209,0,500,250,100,0.005,
200,242,49,193,51,3.784313725490196,179,14,73.96694214876032,5.785123966942149,85.12396694214875,27.298553719008265,0.09200843259873581,0.1273224102463032,0.2787216639776466,0.1513992537313434,0.17500000000000016,0.18051786521935786,0.26948584147273336,0.17747740887399754,0,500,250,100,0.005,
250,362,45,317,78,4.064102564102564,299,18,82.59668508287292,4.972375690607735,89.22651933701657,28.45248618784527,0.08124422996632985,0.09970683495905441,0.2658367597045171,0.16612992474546268,0.1749999999999996,0.18342344906089983,0.2601751728614162,0.17893094289508638,0,500,250,100,0.005,
300,535,32,503,118,4.262711864406779,481,22,89.90654205607477,4.11214953271028,92.5233644859813,29.529361370716465,0.07310648665377548,0.1011396596542272,0.2650300900581355,0.1638904304039083,0.1749999999999992,0.1972222222222232,0.26060648665377567,0.1875000000000002,0,500,250,100,0.005,
350,807,22,785,179,4.385474860335195,755,30,93.55638166047088,3.717472118959108,94.17596034696406,30.193657579512546,0.0771866840722018,0.10996144120848297,0.2678010244069204,0.1578395831984374,0.1749999999999989,0.18976846057572092,0.26359867633525863,0.18641199226305682,0,500,250,100,0.005,
400,1326,16,1310,292,4.486301369863014,1268,42,95.62594268476622,3.167420814479638,95.62594268476622,28.410883609854153,0.060998269941845346,0.09431797779201839,0.2640222051076978,0.1697042273156794,0.0,0.20000000000000148,0.2609982699418468,0.20000000000000148,0,500,250,100,0.005,
450,2054,16,2038,451,4.518847006651884,1976,61,96.20253164556962,2.969814995131451,96.20253164556962,28.871140051931153,0.061337340985725325,0.09391573513579154,0.2641497414978936,0.17023400636210206,0.0,0.20000000000000165,0.261337340985727,0.20000000000000165,0,500,250,100,0.005,
0,100,63,37,13,2.8461538461538463,37,0,37.0,0.0,73.0,0.23125,0.13593951093951112,0.31689189189189204,0.31689189189189204,0.0,0.175,0.1888888888888889,0.31689189189189204,0.18095238095238092,1,500,250,100,0.005,
50,115,50,65,22,2.9545454545454546,59,6,51.30434782608695,5.217391304347826,76.52173913043478,10.974565217391307,0.11410633484162908,0.13397308075772688,0.3089730807577269,0.17500000000000002,0.17499999999999993,0.19285714285714275,0.296606334841629,0.18249999999999994,1,500,250,100,0.005,
100,141,50,91,30,3.033333333333333,85,6,60.283687943262414,4.25531914893617,80.85106382978724,20.689539007092208,0.12839652921336084,0.14548922539312723,0.3204892253931275,0.1750000000000003,0.1750000000000004,0.19285714285714264,0.3108965292133609,0.18250000000000008,1,500,250,100,0.005,
150,165,49,116,38,3.0526315789473686,110,6,66.66666666666667,3.6363636363636362,83.63636363636364,31.67393939393939,0.18198711118226746,0.19998418181076197,0.37498418181076243,0.17500000000000046,0.1750000000000005,0.19285714285714264,0.36464017240675745,0.18265306122449,1,500,250,100,0.005,
200,232,49,183,61,3.0,171,12,73.70689655172414,5.172413793103448,85.77586206896552,35.757758620689636,0.20756275506147065,0.25846117612906816,0.39863530548230214,0.140174129353234,0.17500000000000013,0.1729566453447052,0.381687031637773,0.17412427657630236,1,500,250,100,0.005,
250,337,44,293,94,3.117021276595745,277,16,82.19584569732937,4.747774480712166,89.61424332344214,38.63165182987138,0.20406608662678316,0.2648833017695404,0.39951811776870166,0.13463481599916127,0.1749999999999996,0.18886559027049757,0.38505350060722504,0.18098741398044188,1,500,250,100,0.005,
300,473,39,434,138,3.1449275362318843,410,24,86.68076109936575,5.07399577167019,91.12050739957716,42.18995771670185,0.19221603277229155,0.24677240902724842,0.3880926061993416,0.14132019717209318,0.17499999999999924,0.1906653746770035,0.3744462057001389,0.18223017292784738,1,500,250,100,0.005,
350,750,31,719,223,3.2242152466367715,688,31,91.73333333333333,4.133333333333334,93.73333333333333,40.202711111111064,0.17758175297216575,0.23641548900614548,0.37487168454984565,0.13845619554370017,0.1749999999999989,0.1984375000000012,0.3646785271657142,0.18709677419354845,1,500,250,100,0.005,
400,1168,22,1146,356,3.2191011235955056,1107,39,94.77739726027397,3.339041095890411,95.29109589041096,39.570726312785354,0.16489584326686613,0.20874026056762288,0.36404502395729277,0.1553047633896699,0.17499999999999868,0.19843750000000138,0.3569412978123213,0.19204545454545519,1,500,250,100,0.005,
450,1809,15,1794,551,3.2558983666061705,1735,58,95.9093421779989,3.2061912658927585,95.9093421779989,39.58138934954852,0.1608143225811123,0.2107737801732229,0.3676324370540905,0.1568586568808676,0.0,0.2000000000000016,0.3608143225811139,0.2000000000000016,1,500,250,100,0.005,
0,100,55,45,15,3.0,43,2,43.0,2.0,73.0,0.21600000000000003,0.07696969696969705,0.08720930232558141,0.26220930232558143,0.17500000000000002,0.17499999999999996,0.18900000000000003,0.2583333333333334,0.18136363636363637,2,500,250,100,0.005,
50,116,46,70,21,3.3333333333333335,66,4,56.89655172413793,3.4482758620689653,76.72413793103448,9.14560344827586,0.03748654244306432,0.0880429292929294,0.2251262626262627,0.1370833333333333,0.17499999999999993,0.19021739130434775,0.2200952380952382,0.18260869565217389,2,500,250,100,0.005,
100,125,46,79,23,3.4347826086956523,75,4,60.0,3.2,78.4,19.007786666666686,0.06485005022241369,0.11713118811881185,0.2533894389438946,0.13625825082508275,0.17500000000000032,0.1902173913043477,0.2474587458745877,0.182608695652174,2,500,250,100,0.005,
150,159,46,113,32,3.53125,108,5,67.9245283018868,3.1446540880503147,82.38993710691824,25.565419287211746,0.09472393440506482,0.13436865342163337,0.2832781456953643,0.14890949227373093,0.1750000000000004,0.19021739130434767,0.2773326300572389,0.18260869565217408,2,500,250,100,0.005,
200,204,44,160,46,3.4782608695652173,149,11,73.03921568627452,5.392156862745098,84.31372549019608,30.14988562091503,0.11411830996532471,0.16105022983516407,0.30181308223980763,0.14076285240464356,0.1750000000000002,0.17839966832504153,0.2907408789386401,0.17662256897331538,2,500,250,100,0.005,
250,285,44,241,65,3.707692307692308,230,11,80.70175438596492,3.8596491228070176,88.7719298245614,33.456935672514575,0.12269429386690603,0.16031237369363088,0.30789537502165226,0.14758300132802138,0.17499999999999966,0.18104249667994743,0.30057821273688073,0.1778839188699747,2,500,250,100,0.005,
300,418,38,380,99,3.8383838383838382,367,13,87.79904306220095,3.110047846889952,91.86602870813397,34.82805422647522,0.1275235763828171,0.16350794865527737,0.3124318348466055,0.14892388619132815,0.17499999999999918,0.18280730897010045,0.3068381418662934,0.17931456548347627,2,500,250,100,0.005,
350,663,26,637,161,3.9565217391304346,619,18,93.36349924585218,2.7149321266968327,94.41930618401207,33.52013826043231,0.12110330028088978,0.1359593810919584,0.30870022735132313,0.17274084625936473,0.1749999999999989,0.1869806094182835,0.30485836100963515,0.18375506072874537,2,500,250,100,0.005,
400,1042,18,1024,252,4.063492063492063,996,27,95.58541266794626,2.5911708253358925,95.87332053742803,33.46395073576449,0.11238146418031508,0.1402664963698824,0.31191684580493656,0.17165034943505417,0.17499999999999868,0.20000000000000137,0.30821479751364933,0.19583333333333425,2,500,250,100,0.005,
450,1624,15,1609,390,4.125641025641026,1575,32,96.98275862068965,1.9704433497536946,96.98275862068965,33.84697454844001,0.11193688807446459,0.13850419478687792,0.31469490564333974,0.17619071085646182,0.0,0.20000000000000148,0.31193688807446607,0.20000000000000148,2,500,250,100,0.005,
0,100,58,42,13,3.230769230769231,40,2,40.0,2.0,72.0,0.23399999999999999,0.12918719211822663,0.14062499999999997,0.315625,0.17500000000000002,0.17500000000000002,0.1855769230769231,0.30892857142857144,0.1797413793103448,3,500,250,100,0.005,
50,116,48,68,19,3.5789473684210527,62,6,53.44827586206897,5.172413793103448,75.0,9.716594827586208,0.06227833044982711,0.07900941738702669,0.24997891629770205,0.17096949891067537,0.17499999999999996,0.18695652173913035,0.24300749711649375,0.18072916666666664,3,500,250,100,0.005,
100,129,47,82,22,3.727272727272727,75,7,58.13953488372093,5.426356589147287,77.51937984496124,18.89476744186048,0.07069747517045427,0.08817774634606312,0.2590759075907593,0.1708981612446962,0.17500000000000035,0.18749999999999997,0.25154853900024166,0.18085106382978738,3,500,250,100,0.005,
150,167,47,120,30,4.0,112,8,67.06586826347305,4.790419161676646,82.03592814371258,25.365419161676655,0.07124744610398734,0.09112021050141877,0.25817319063386945,0.16705298013245068,0.17500000000000046,0.18749999999999997,0.2520985099337748,0.18085106382978747,3,500,250,100,0.005,
200,231,49,182,46,3.9565217391304346,171,11,74.02597402597402,4.761904761904762,84.84848484848484,27.247727272727268,0.09837742215140907,0.10177585402775224,0.27092631384985394,0.1691504598221017,0.17500000000000018,0.1574367744610283,0.2647750259690557,0.16639760381764665,3,500,250,100,0.005,
250,324,49,275,67,4.104477611940299,263,12,81.17283950617283,3.7037037037037037,88.88888888888889,30.04884259259255,0.0931938295057246,0.0999634752077452,0.2667850776867181,0.1668216024789729,0.1749999999999996,0.1632179614873843,0.26242303513219833,0.16922920562647373,3,500,250,100,0.005,
300,493,33,460,109,4.220183486238532,439,21,89.04665314401623,4.259634888438134,92.0892494929006,30.452535496957346,0.0936166275857051,0.1164139644440155,0.27380785185029327,0.15739388740627777,0.17499999999999924,0.1747739018087863,0.2684933012995882,0.1748766737138831,3,500,250,100,0.005,
350,735,11,724,163,4.441717791411043,691,33,94.01360544217687,4.489795918367347,94.01360544217687,31.062304826692525,0.06078755514998235,0.11836596770673832,0.26618268903716935,0.14781672133043103,0.0,0.20000000000000134,0.2607875551499837,0.20000000000000134,3,500,250,100,0.005,
400,1212,11,1201,266,4.515037593984962,1155,46,95.29702970297029,3.7953795379537953,95.29702970297029,29.10442008486558,0.0601361843266868,0.12344065767135035,0.26486413624415883,0.1414234785728085,0.0,0.20000000000000148,0.2601361843266883,0.20000000000000148,3,500,250,100,0.005,
450,1973,11,1962,432,4.541666666666667,1896,65,96.09731373542829,3.2944754181449567,96.09731373542829,28.018371949894963,0.06434543429321482,0.12013566434765585,0.26832749353982416,0.1481918291921683,0.0,0.20000000000000162,0.26434543429321644,0.20000000000000162,3,500,250,100,0.005,
0,100,60,40,14,2.857142857142857,40,0,40.0,0.0,72.0,0.21575000000000003,0.08833333333333332,0.26875000000000004,0.26875000000000004,0.0,0.17500000000000002,0.18660714285714283,0.26875000000000004,0.18041666666666673,4,500,250,100,0.005,
50,109,53,56,20,2.8,55,1,50.45871559633027,0.9174311926605505,74.31192660550458,10.590596330275229,0.10944040351989853,0.11767379679144396,0.29267379679144395,0.175,0.17499999999999996,0.18703703703703697,0.29057247899159666,0.18113207547169813,4,500,250,100,0.005,
100,124,53,71,25,2.84,70,1,56.45161290322581,0.8064516129032258,77.41935483870968,20.525201612903235,0.14085579232916642,0.14908769448373382,0.32408769448373415,0.17500000000000032,0.17500000000000038,0.18703703703703703,0.3219878678008647,0.18113207547169827,4,500,250,100,0.005,
150,151,53,98,32,3.0625,97,1,64.23841059602648,0.6622516556291391,81.45695364238411,28.788741721854308,0.15292658110351448,0.16069843653990531,0.3356984365399058,0.17500000000000046,0.17500000000000046,0.18703703703703706,0.33405865657521283,0.18113207547169835,4,500,250,100,0.005,
200,207,56,151,51,2.9607843137254903,143,8,69.08212560386474,3.864734299516908,81.64251207729468,32.207246376811604,0.2002662275264911,0.23598526486744967,0.37615939422068356,0.1401741293532339,0.17500000000000016,0.15332918739635168,0.3636568636316796,0.1633906361051885,4,500,250,100,0.005,
250,288,53,235,75,3.1333333333333333,223,12,77.43055555555556,4.166666666666667,85.76388888888889,37.12274305555555,0.20546858230860188,0.22492722488508105,0.38335278455117866,0.15842555966609762,0.1749999999999996,0.1592801208957279,0.3718671390251321,0.1663985567165302,4,500,250,100,0.005,
300,425,42,383,115,3.3304347826086955,365,18,85.88235294117646,4.235294117647059,89.88235294117646,38.72536470588234,0.18736561671209123,0.2244885259330307,0.3695798894164088,0.1450913634833781,0.17499999999999918,0.16939534883721008,0.35902951482947787,0.17166389811738664,4,500,250,100,0.005,
350,647,25,622,179,3.474860335195531,588,34,90.88098918083462,5.255023183925811,91.9629057187017,38.566051004636776,0.17539674012595802,0.22676601099700927,0.3599974380640421,0.13323142706703284,0.1749999999999989,0.1711182336182346,0.34760186833108664,0.17220512820512862,4,500,250,100,0.005,
400,1012,13,999,283,3.530035335689046,954,45,94.26877470355731,4.446640316205533,94.26877470355731,37.959197134387345,0.151958439262204,0.22923562475719536,0.36228436830532246,0.1330487435481271,0.0,0.20000000000000148,0.3519584392622055,0.20000000000000148,4,500,250,100,0.005,
450,1567,13,1554,437,3.5560640732265445,1493,61,95.27760051052968,3.89278876834716,95.27760051052968,38.38224260795575,0.15035076850549384,0.21092970676201606,0.3586305060296159,0.14770079926759982,0.0,0.20000000000000162,0.35035076850549546,0.20000000000000162,4,500,250,100,0.005,
0,100,62,38,12,3.1666666666666665,38,0,38.0,0.0,71.0,0.20600000000000002,0.06460101867572163,0.24605263157894744,0.24605263157894744,0.0,0.17500000000000002,0.18879310344827588,0.24605263157894744,0.1814516129032258,0,500,250,100,0.005,50
50,117,48,69,22,3.1363636363636362,65,4,55.55555555555556,3.4188034188034186,75.21367521367522,9.357905982905987,0.07099317988064804,0.08420814479638022,0.2592081447963802,0.175,0.17499999999999993,0.19099999999999995,0.25432651321398136,0.18333333333333332,0,500,250,100,0.005,50
100,133,48,85,26,3.269230769230769,81,4,60.902255639097746,3.007518796992481,78.19548872180451,18.781390977443625,0.09136381285187353,0.10462046204620451,0.27962046204620483,0.17500000000000032,0.17500000000000032,0.19099999999999986,0.27469714618520696,0.18333333333333343,0,500,250,100,0.005,50
150,164,48,116,33,3.515151515151515,112,4,68.29268292682927,2.4390243902439024,82.3170731707317,26.72179878048781,0.11450721245337572,0.1272277081362342,0.3022277081362347,0.17500000000000046,0.1750000000000004,0.19099999999999986,0.2978405457867092,0.1833333333333335,0,500,250,100,0.005,50
200,228,46,182,51,3.5686274509803924,170,12,74.56140350877193,5.2631578947368425,84.64912280701755,30.26743421052631,0.12074957272880676,0.16938249926836382,0.30955662862159783,0.140174129353234,0.1750000000000002,0.18027795803590754,0.29838855174676066,0.1776389790179539,0,500,250,100,0.005,50
250,344,41,303,80,3.7875,287,16,83.43023255813954,4.651162790697675,88.95348837209302,31.297093023255773,0.12146161397931082,0.16168989464629652,0.3093141437436571,0.1476242490973606,0.17499999999999963,0.18304056501267715,0.3007760634983081,0.17931444951899728,0,500,250,100,0.005,50
300,510,32,478,118,4.0508474576271185,456,22,89.41176470588235,4.313725490196078,92.15686274509804,32.19298366013066,0.11151489823335872,0.14561076890976526,0.3028096723594968,0.15719890344973153,0.1749999999999992,0.19205426356589242,0.29610792148917287,0.18459302325581414,0,500,250,100,0.005,50
350,750,21,729,177,4.11864406779661,697,32,92.93333333333334,4.266666666666667,93.6,33.39203555555549,0.0955441285662064,0.1433088918010494,0.2958823985570821,0.1525735067560327,0.1749999999999989,0.20000000000000132,0.2895917476138262,0.19404761904761983,0,500,250,100,0.005,50
400,1234,16,1218,287,4.2439024390243905,1172,45,94.97568881685575,3.646677471636953,94.97568881685575,31.28793354943269,0.08634884927833344,0.141112983903749,0.2915666670890733,0.15045368318532432,0.0,0.20000000000000148,0.2863488492783349,0.20000000000000148,0,500,250,100,0.005,50
450,1886,16,1870,438,4.269406392694064,1807,61,95.81124072110286,3.2343584305408273,95.81124072110286,32.21659950512543,0.08918814091270297,0.13721420281353774,0.2936689044949454,0.15645470168140768,0.0,0.20000000000000165,0.2891881409127046,0.20000000000000165,0,500,250,100,0.005,50
0,100,60,40,14,2.857142857142857,38,2,38.0,2.0,73.0,0.23125,0.12500000000000003,0.13815789473684223,0.31315789473684225,0.17500000000000002,0.175,0.19000000000000003,0.30625,0.18125,1,500,250,100,0.005,50
50,114,45,69,24,2.875,63,6,55.26315789473684,5.2631578947368425,76.3157894736842,11.292324561403511,0.1253836317135551,0.14645191409897299,0.321451914098973,0.17500000000000002,0.17499999999999996,0.19285714285714275,0.3087169650468884,0.1833333333333333,1,500,250,100,0.005,50
100,143,45,98,33,2.9696969696969697,92,6,64.33566433566433,4.195804195804196,81.11888111888112,21.238636363636363,0.14805432073819608,0.16658684890228118,0.34158684890228147,0.1750000000000003,0.17500000000000035,0.19285714285714267,0.3313876540715295,0.1833333333333334,1,500,250,100,0.005,50
150,176,45,131,44,2.977272727272727,125,6,71.02272727272727,3.409090909090909,84.6590909090909,31.410937499999992,0.1962089041672983,0.21436026490066148,0.38936026490066195,0.17500000000000046,0.17500000000000046,0.1928571428571426,0.37954223750063176,0.18333333333333346,1,500,250,100,0.005,50
200,253,48,205,68,3.014705882352941,198,7,78.26086956521739,2.766798418972332,87.74703557312253,35.64703557312251,0.21486516856773,0.21853108196391738,0.39353108196391756,0.17500000000000018,0.17500000000000018,0.16740775290215604,0.3860690450188081,0.17120387645107812,1,500,250,100,0.005,50
250,382,38,344,111,3.099099099099099,331,12,86.64921465968587,3.141361256544503,90.83769633507853,38.228272251308866,0.2075987290485351,0.2452879227582397,0.39224177401985977,0.14695385126162006,0.1749999999999996,0.1768335747917427,0.38366027234901756,0.17606154330048246,1,500,250,100,0.005,50
300,559,32,527,168,3.136904761904762,508,18,90.87656529516994,3.2200357781753133,93.20214669051879,40.91744186046508,0.19468633959786147,0.24072820834971176,0.38673596028769613,0.14600775193798438,0.1749999999999992,0.1898408812729507,0.37849811285367563,0.18381177325581416,1,500,250,100,0.005,50
350,878,18,860,267,3.2209737827715355,831,26,94.64692482915717,2.9612756264236904,94.9886104783599,40.983285876993136,0.18135156111200482,0.22681858574752597,0.3840662050981229,0.15724761935059692,0.1749999999999989,0.2000000000000014,0.3771848944453391,0.19583333333333428,1,500,250,100,0.005,50
400,1362,16,1346,421,3.197149643705463,1310,32,96.1820851688693,2.3494860499265786,96.25550660792952,41.7542400881057,0.1885190574490213,0.2309058056982527,0.3924625081065069,0.1615567024082542,0.17499999999999868,0.20000000000000148,0.38695655744902263,0.19843750000000132,1,500,250,100,0.005,50
450,2157,15,2142,673,3.1827637444279344,2092,45,96.98655540101994,2.086230876216968,96.98655540101994,41.61247102457115,0.18360383906527764,0.2250478135679616,0.3883427962999813,0.1632949827320197,0.0,0.2000000000000016,0.38360383906527923,0.2000000000000016,1,500,250,100,0.005,50
0,100,56,44,15,2.933333333333333,42,2,42.0,2.0,73.0,0.21600000000000003,0.07897727272727276,0.08928571428571433,0.26428571428571435,0.17500000000000002,0.17499999999999996,0.18900000000000003,0.2602272727272728,0.18125000000000005,2,500,250,100,0.005,50
50,116,46,70,22,3.1818181818181817,65,5,56.03448275862069,4.310344827586207,76.72413793103448,10.17284482758621,0.08713920350749019,0.10203619909502282,0.2770361990950228,0.175,0.17499999999999996,0.1909090909090908,0.2697478991596641,0.18260869565217389,2,500,250,100,0.005,50
100,124,46,78,24,3.25,73,5,58.87096774193548,4.032258064516129,78.2258064516129,21.570564516129053,0.09739892049405624,0.11219991862199913,0.28719991862199945,0.17500000000000032,0.17500000000000035,0.1909090909090908,0.28000761614623026,0.18260869565217402,2,500,250,100,0.005,50
150,164,46,118,34,3.4705882352941178,113,5,68.90243902439025,3.048780487804878,83.53658536585365,28.562195121951223,0.12552914248903124,0.1390288929262141,0.31402889292621455,0.17500000000000046,0.17500000000000046,0.19090909090909075,0.3081378381412053,0.18260869565217408,2,500,250,100,0.005,50
200,232,46,186,53,3.509433962264151,177,9,76.29310344827586,3.8793103448275863,86.63793103448276,31.567887931034466,0.14976043113092752,0.17208917746484126,0.3316110127329453,0.15952183526810404,0.17500000000000018,0.1719131614654004,0.3232841170491626,0.17352368591823508,2,500,250,100,0.005,50
250,337,44,293,80,3.6625,282,11,83.67952522255193,3.264094955489614,90.50445103857567,33.82025222551923,0.1492905011153936,0.17654976105741235,0.33126725471912905,0.1547174936617167,0.17499999999999966,0.17573041168658754,0.3246391066930829,0.17534860557768928,2,500,250,100,0.005,50
300,499,32,467,123,3.796747967479675,453,14,90.78156312625251,2.80561122244489,93.18637274549098,35.42019038076145,0.14736628426058979,0.1679549160015648,0.32961790504306815,0.16166298904150334,0.17499999999999918,0.1785465116279078,0.3245828540280319,0.1772165697674421,2,500,250,100,0.005,50
350,781,18,763,194,3.9329896907216493,740,23,94.75032010243278,2.9449423815621,95.00640204865557,34.832259923175336,0.12845628138701345,0.17041453120304959,0.3280377300485887,0.15762319884553913,0.1749999999999989,0.19687500000000113,0.3229007258314588,0.19444444444444534,2,500,250,100,0.005,50
400,1215,14,1201,301,3.990033222591362,1169,32,96.21399176954732,2.633744855967078,96.21399176954732,34.924641975308575,0.11483467944600953,0.16606584121507395,0.3192594145991187,0.15319357338404477,0.0,0.20000000000000148,0.314834679446011,0.20000000000000148,2,500,250,100,0.005,50
450,1945,14,1931,479,4.031315240083507,1891,40,97.22365038560412,2.056555269922879,97.22365038560412,34.4315844044558,0.12149577542072357,0.18092701758088503,0.32524361628205883,0.1443165987011738,0.0,0.2000000000000016,0.32149577542072516,0.2000000000000016,2,500,250,100,0.005,50
0,100,58,42,13,3.230769230769231,42,0,42.0,0.0,72.0,0.23399999999999999,0.1291871921182266,0.30892857142857144,0.30892857142857144,0.0,0.17499999999999996,0.1848214285714286,0.30892857142857144,0.17974137931034484,3,500,250,100,0.005,50
50,116,45,71,21,3.380952380952381,63,8,54.310344827586206,6.896551724137931,75.0,9.900862068965518,0.07547546718217821,0.09368697478991611,0.2671428571428573,0.17345588235294118,0.17499999999999996,0.188095238095238,0.2565865782932893,0.18111111111111108,3,500,250,100,0.005,50
100,143,45,98,27,3.6296296296296298,89,9,62.23776223776224,6.293706293706293,79.02097902097903,17.555944055944067,0.06261489414247548,0.07918270478733261,0.25099788630548464,0.17181518151815203,0.17500000000000035,0.18809523809523804,0.24372600525358676,0.18111111111111128,3,500,250,100,0.005,50
150,175,45,130,34,3.823529411764706,121,9,69.14285714285714,5.142857142857143,82.85714285714286,25.014000000000003,0.08535348389653005,0.10174228741356939,0.27350829182858083,0.17176600441501144,0.17500000000000046,0.188095238095238,0.2664645950076414,0.18111111111111136,3,500,250,100,0.005,50
200,255,41,214,56,3.8214285714285716,194,20,76.07843137254902,7.8431372549019605,85.09803921568627,25.904705882352932,0.08650342073092532,0.12012534776134925,0.2692444680689025,0.14911912030755325,0.1750000000000002,0.1670605306799338,0.2580178000538232,0.17151437932289787,3,500,250,100,0.005,50
250,348,40,308,78,3.948717948717949,287,21,82.47126436781609,6.0344827586206895,88.79310344827586,29.65452586206893,0.10400027999100014,0.13306077965927124,0.2865810720123177,0.15352029235304646,0.17499999999999966,0.17168548030101868,0.2775087461264583,0.17350846613545817,3,500,250,100,0.005,50
300,548,25,523,124,4.217741935483871,493,30,89.96350364963503,5.474452554744525,92.15328467153284,29.272937956204323,0.08140705609784335,0.11734751037370703,0.2704173406094751,0.15306983023576806,0.17499999999999918,0.18899821109123527,0.26368612586528534,0.182279069767442,3,500,250,100,0.005,50
350,836,15,821,189,4.343915343915344,786,35,94.01913875598086,4.186602870813397,94.377990430622,29.86872693096371,0.07195979555636325,0.11111319843839962,0.2700299887500433,0.15891679031164369,0.1749999999999989,0.19791666666666793,0.2652931288896974,0.19333333333333416,3,500,250,100,0.005,50
400,1320,11,1309,295,4.437288135593221,1257,51,95.22727272727273,3.8636363636363638,95.22727272727273,29.830790629509327,0.0677805940897783,0.11206450130602366,0.2721500815260239,0.16008558022000022,0.0,0.20000000000000148,0.2677805940897798,0.20000000000000148,3,500,250,100,0.005,50
450,2205,11,2194,489,4.486707566462168,2121,70,96.19047619047619,3.1746031746031744,96.19047619047619,28.523511040924262,0.07026410953668566,0.11188500329363094,0.27383871028089274,0.1619537069872618,0.0,0.20000000000000162,0.2702641095366873,0.20000000000000162,3,500,250,100,0.005,50
0,100,59,41,14,2.9285714285714284,41,0,41.0,0.0,72.0,0.21575000000000003,0.08595494005787518,0.2664634146341464,0.2664634146341464,0.0,0.17499999999999996,0.18660714285714283,0.2664634146341464,0.18050847457627123,4,500,250,100,0.005,50
50,110,53,57,20,2.85,54,3,49.09090909090909,2.727272727272727,74.54545454545455,10.62704545454545,0.1122889771598809,0.12500000000000014,0.3000000000000001,0.17499999999999996,0.17499999999999996,0.18799999999999994,0.293421052631579,0.18113207547169813,4,500,250,100,0.005,50
100,127,53,74,25,2.96,71,3,55.90551181102362,2.3622047244094486,77.95275590551181,20.30964566929135,0.14690846506884234,0.15950704225352083,0.3345070422535212,0.17500000000000035,0.1750000000000004,0.18799999999999994,0.3280405405405406,0.18113207547169827,4,500,250,100,0.005,50
150,141,53,88,29,3.0344827586206895,85,3,60.283687943262414,2.127659574468085,80.1418439716312,31.917907801418448,0.20267474271011973,0.21617647058823466,0.3911764705882351,0.17500000000000046,0.1750000000000005,0.18799999999999997,0.3838068181818181,0.18113207547169838,4,500,250,100,0.005,50
200,187,49,138,47,2.9361702127659575,126,12,67.37967914438502,6.4171122994652405,82.3529411764706,37.00882352941175,0.21051762041610905,0.2697465055674008,0.40992063492063474,0.14017412935323392,0.17500000000000013,0.17720919213456535,0.3864644170452086,0.17594679662909957,4,500,250,100,0.005,50
250,278,47,231,73,3.164383561643836,217,14,78.05755395683454,5.0359712230215825,87.41007194244604,39.05391187050357,0.20141251832745644,0.25261633428313596,0.39389052324158796,0.141274188958452,0.17499999999999963,0.17985202048947121,0.3785804423759434,0.17716792404848697,4,500,250,100,0.005,50
300,388,38,350,108,3.240740740740741,333,17,85.82474226804123,4.381443298969073,90.4639175257732,43.11143685567006,0.20738591118433095,0.24216177019853252,0.3978047250548938,0.15564295485636126,0.1749999999999992,0.18194767441860543,0.3860425819309651,0.17865667074663413,4,500,250,100,0.005,50
350,618,18,600,176,3.409090909090909,576,24,93.20388349514563,3.883495145631068,93.68932038834951,41.233519417475684,0.17387003724610484,0.22557896774443495,0.37594875151143853,0.15036978376700358,0.1749999999999989,0.19666666666666782,0.36692559280166115,0.1930555555555563,4,500,250,100,0.005,50
400,928,14,914,262,3.4885496183206106,883,31,95.15086206896552,3.3405172413793105,95.25862068965517,42.46154633620686,0.171183394944327,0.22665921104208886,0.3770852468974594,0.15042603585537057,0.17499999999999868,0.20000000000000148,0.369397680658614,0.198214285714287,4,500,250,100,0.005,50
450,1515,13,1502,425,3.5341176470588236,1466,36,96.76567656765677,2.376237623762376,96.76567656765677,40.65514191419139,0.17332185449886178,0.22840581610210414,0.37879629483153693,0.15039047872943279,0.0,0.20000000000000162,0.3733218544988634,0.20000000000000162,4,500,250,100,0.005,50
0,100,62,38,12,3.1666666666666665,38,0,38.0,0.0,71.0,0.20600000000000002,0.06460101867572163,0.24605263157894744,0.24605263157894744,0.0,0.17500000000000002,0.18879310344827588,0.24605263157894744,0.1814516129032258,0,500,250,100,0.005,100
50,114,50,64,19,3.3684210526315788,60,4,52.63157894736842,3.508771929824561,74.56140350877193,9.338377192982456,0.03361305147058835,0.044387254901960854,0.21938725490196084,0.175,0.17499999999999996,0.19099999999999995,0.2166130514705883,0.18299999999999994,0,500,250,100,0.005,100
100,135,50,85,24,3.5416666666666665,81,4,60.0,2.962962962962963,78.51851851851852,18.084259259259277,0.07810366919044856,0.09035570223689016,0.2653557022368905,0.17500000000000032,0.17500000000000035,0.19099999999999986,0.26110366919044864,0.18300000000000008,0,500,250,100,0.005,100
150,174,50,124,34,3.6470588235294117,120,4,68.96551724137932,2.2988505747126435,83.33333333333333,24.59525862068966,0.09350475325785057,0.10488824503311209,0.27988824503311255,0.17500000000000046,0.17500000000000046,0.19099999999999986,0.27650475325785073,0.18300000000000016,0,500,250,100,0.005,100
200,240,50,190,50,3.8,181,9,75.41666666666667,3.75,85.41666666666667,27.817291666666662,0.1001105001309241,0.12096014708532216,0.2804819823534262,0.15952183526810404,0.17500000000000018,0.17431113662456957,0.2747522911757004,0.17464179104477628,0,500,250,100,0.005,100
250,360,46,314,78,4.0256410256410255,301,13,83.61111111111111,3.611111111111111,89.44444444444444,28.61194444444441,0.09057629541561138,0.11166657535322394,0.27161983922083044,0.1599532638676065,0.17499999999999966,0.17761354581673364,0.2669967007507925,0.17642040533518114,0,500,250,100,0.005,100
300,513,36,477,115,4.147826086956521,461,16,89.8635477582846,3.1189083820662766,92.39766081871345,30.65964912280697,0.09005801653790918,0.11560191171664533,0.2748788012515291,0.15927688953488375,0.1749999999999992,0.18430232558139617,0.27100116899268983,0.18094315245478065,0,500,250,100,0.005,100
350,793,23,770,179,4.301675977653631,740,30,93.31651954602775,3.7831021437578816,93.94703656998739,30.359684741487975,0.07341103286982584,0.12479369149134484,0.2642906526313848,0.13949696114003995,0.1749999999999989,0.18907795229784877,0.25942856075509857,0.18601752788527273,0,500,250,100,0.005,100
400,1306,16,1290,294,4.387755102040816,1251,39,95.7886676875957,2.986217457886677,95.7886676875957,28.586074527820276,0.063545339022089,0.11889541362324463,0.26713985152697933,0.1482444379037347,0.0,0.20000000000000148,0.2635453390220905,0.20000000000000148,0,500,250,100,0.005,100
450,2008,16,1992,449,4.436525612472161,1938,54,96.51394422310757,2.689243027888446,96.51394422310757,29.371469953519213,0.06543261495921684,0.11822695071729727,0.26863756241842235,0.15041061170112507,0.0,0.20000000000000165,0.2654326149592185,0.20000000000000165,0,500,250,100,0.005,100
0,100,62,38,13,2.923076923076923,38,0,38.0,0.0,73.0,0.23125,0.1321095076400681,0.31315789473684225,0.31315789473684225,0.0,0.175,0.1888888888888889,0.31315789473684225,0.18104838709677415,1,500,250,100,0.005,100
50,109,49,60,22,2.727272727272727,54,6,49.54128440366973,5.504587155963303,75.22935779816514,10.943807339449538,0.10869497799119662,0.18121822803195356,0.30946986201888166,0.1282516339869281,0.17499999999999996,0.19285714285714275,0.29134803921568636,0.18265306122448974,1,500,250,100,0.005,100
100,130,49,81,29,2.793103448275862,74,7,56.92307692307692,5.384615384615385,78.46153846153847,20.969551282051285,0.14820341829810618,0.21375383257808975,0.34932903295527046,0.1355752003771807,0.1750000000000004,0.19285714285714264,0.33085647952259606,0.18265306122448988,1,500,250,100,0.005,100
150,160,49,111,42,2.642857142857143,104,7,65.0,4.375,82.5,30.775781249999987,0.2207523532054664,0.25684504456392804,0.41960284967272676,0.16275780510879873,0.1750000000000005,0.19285714285714264,0.40340541442995637,0.18265306122448996,1,500,250,100,0.005,100
200,220,47,173,63,2.746031746031746,158,15,71.81818181818181,6.818181818181818,84.0909090909091,36.12374999999999,0.21360658241582753,0.27172892841158636,0.41421780976240813,0.14248888135082177,0.17500000000000016,0.17981965174129363,0.3906574980504207,0.1770509156345932,1,500,250,100,0.005,100
250,316,44,272,98,2.7755102040816326,254,18,80.37974683544304,5.69620253164557,87.9746835443038,40.285838607594904,0.21499195669759594,0.2582186503556836,0.41053205630634915,0.15231340595066553,0.1749999999999996,0.18259462151394482,0.39344405738575244,0.1784521006881565,1,500,250,100,0.005,100
300,433,39,394,143,2.7552447552447554,368,26,84.98845265588915,6.0046189376443415,89.83833718244804,45.764399538106204,0.23488835395627256,0.30387703997832616,0.4371713264765983,0.13329428649827213,0.17499999999999924,0.19066537467700348,0.41711852688411993,0.18223017292784738,1,500,250,100,0.005,100
350,675,24,651,231,2.8181818181818183,614,37,90.96296296296296,5.481481481481482,92.29629629629629,45.28205185185183,0.22505113417289505,0.2988520514035607,0.43266158102686136,0.13380952962330067,0.1749999999999989,0.2000000000000014,0.41567613417289545,0.1906250000000004,1,500,250,100,0.005,100
400,1023,16,1007,354,2.8446327683615817,959,47,93.74389051808407,4.594330400782014,93.841642228739,46.46559884559884,0.22178775355221997,0.29346076838267426,0.43393564730369816,0.1404748789210239,0.17499999999999868,0.20000000000000148,0.4202252535522213,0.19843750000000132,1,500,250,100,0.005,100
450,1562,15,1547,550,2.8127272727272725,1482,62,94.87836107554418,3.9692701664532652,94.87836107554418,47.4587895555149,0.23270472344425572,0.2924913684651308,0.44444984316241665,0.15195847469728588,0.0,0.2000000000000016,0.4327047234442573,0.2000000000000016,1,500,250,100,0.005,100
0,100,56,44,15,2.933333333333333,44,0,44.0,0.0,73.0,0.21600000000000003,0.07897727272727276,0.2602272727272728,0.2602272727272728,0.0,0.175,0.18796296296296297,0.2602272727272728,0.18125000000000005,2,500,250,100,0.005,100
50,116,46,70,22,3.1818181818181817,67,3,57.758620689655174,2.586206896551724,76.72413793103448,10.09719827586207,0.0836728169528683,0.09536874451273067,0.27036874451273063,0.17499999999999996,0.17499999999999993,0.1895833333333333,0.2662815126050422,0.18260869565217389,2,500,250,100,0.005,100
100,125,46,79,24,3.2916666666666665,76,3,60.8,2.4,78.4,21.11900000000002,0.08742200995003202,0.09878191766545061,0.27378191766545096,0.17500000000000035,0.1750000000000003,0.18958333333333321,0.27003070560220604,0.18260869565217402,2,500,250,100,0.005,100
150,167,46,121,34,3.5588235294117645,118,3,70.65868263473054,1.7964071856287425,83.83233532934132,27.65224550898204,0.11020094804548891,0.12080480413065395,0.2958048041306544,0.17500000000000046,0.1750000000000004,0.18958333333333324,0.292809643697663,0.18260869565217408,2,500,250,100,0.005,100
200,238,43,195,54,3.611111111111111,186,9,78.15126050420169,3.7815126050420167,86.97478991596638,29.47174369747898,0.1160855754026526,0.1565070035129012,0.3005506740491092,0.14404367053620798,0.1750000000000002,0.1793815015829942,0.2933272738869753,0.17724169848432272,2,500,250,100,0.005,100
250,334,43,291,77,3.779220779220779,282,9,84.4311377245509,2.694610778443114,90.7185628742515,32.9156437125748,0.1323053665622014,0.16575388752319306,0.3159641575541803,0.15021027003098722,0.17499999999999966,0.18190420137631344,0.3108377486617104,0.17853238209950897,2,500,250,100,0.005,100
300,504,35,469,119,3.9411764705882355,454,15,90.07936507936508,2.9761904761904763,93.05555555555556,33.909305555555484,0.12262226852368635,0.16642881736761173,0.3136594375226506,0.14723062015503885,0.17499999999999924,0.19375000000000078,0.3083365542379722,0.18571428571428583,2,500,250,100,0.005,100
350,794,17,777,189,4.111111111111111,752,25,94.7103274559194,3.1486146095717884,94.96221662468514,33.35074307304779,0.10411042673944501,0.15308106707930325,0.30609463852752256,0.1530135714482193,0.1749999999999989,0.20000000000000126,0.3011692502688577,0.1970588235294127,2,500,250,100,0.005,100
400,1248,16,1232,296,4.162162162162162,1202,29,96.31410256410257,2.323717948717949,96.39423076923077,33.43285256410249,0.11012284806091185,0.14898716577985005,0.3120702000573514,0.16308303427750137,0.17499999999999868,0.20000000000000143,0.3085603480609131,0.19843750000000124,2,500,250,100,0.005,100
450,2025,15,2010,480,4.1875,1972,37,97.38271604938272,1.8271604938271604,97.38271604938272,32.72382469135796,0.11036825241982295,0.14224284223312259,0.3129879563335257,0.17074511410040313,0.0,0.20000000000000157,0.3103682524198245,0.20000000000000157,2,500,250,100,0.005,100
0,100,58,42,13,3.230769230769231,42,0,42.0,0.0,72.0,0.23399999999999999,0.1291871921182266,0.30892857142857144,0.30892857142857144,0.0,0.17499999999999996,0.1848214285714286,0.30892857142857144,0.17974137931034484,3,500,250,100,0.005,100
50,118,44,74,20,3.7,70,4,59.32203389830509,3.389830508474576,75.42372881355932,9.15929176755448,0.029553240215004967,0.05221335200746971,0.21362558356676006,0.16141223155929035,0.17499999999999996,0.18599999999999997,0.21080324021500496,0.18125,3,500,250,100,0.005,100
100,131,44,87,23,3.782608695652174,83,4,63.3587786259542,3.053435114503817,77.86259541984732,17.86016902944385,0.05589090620884743,0.08196430701589943,0.240909380094636,0.15894507307873657,0.17500000000000032,0.18600000000000003,0.23714090620884754,0.1812500000000001,3,500,250,100,0.005,100
150,180,44,136,33,4.121212121212121,130,6,72.22222222222223,3.3333333333333335,82.77777777777777,22.51783730158731,0.05094642161500343,0.08456707824919732,0.23592732212599762,0.1513602438768003,0.17500000000000043,0.18600000000000005,0.23219642161500365,0.18125000000000022,3,500,250,100,0.005,100
200,247,47,200,51,3.9215686274509802,186,14,75.30364372469636,5.668016194331984,82.99595141700405,25.101889338731443,0.09373682562365451,0.12350061647726535,0.25952170152820125,0.1360210850509359,0.1750000000000002,0.14502043354655308,0.2508766583747926,0.1571398327511381,3,500,250,100,0.005,100
250,377,45,332,80,4.15,314,18,83.28912466843501,4.774535809018568,87.79840848806366,26.636727295692793,0.09931244215960552,0.11861205736307748,0.2670225434898902,0.1484104861268127,0.1749999999999996,0.15294891861126964,0.2605917692955065,0.16127932713590096,3,500,250,100,0.005,100
300,590,25,565,131,4.312977099236641,531,34,90.0,5.762711864406779,91.35593220338983,27.05007828894267,0.07258226548453023,0.1284043241049284,0.26258832112731323,0.13418399702238482,0.17499999999999918,0.18570451436388588,0.2548613352519724,0.18227906976744218,3,500,250,100,0.005,100
350,880,11,869,193,4.5025906735751295,822,47,93.4090909090909,5.340909090909091,93.4090909090909,27.928688852813824,0.05022689545715664,0.11037705077540425,0.2561966553955285,0.14581960462012425,0.0,0.20000000000000134,0.250226895457158,0.20000000000000134,3,500,250,100,0.005,100
400,1373,11,1362,297,4.585858585858586,1300,61,94.68317552804079,4.442825928623452,94.68317552804079,27.805380813651,0.04596112891261572,0.1039404944184057,0.2506197403450366,0.1466792459266309,0.0,0.20000000000000148,0.2459611289126172,0.20000000000000148,3,500,250,100,0.005,100
450,2185,11,2174,472,4.6059322033898304,2093,79,95.78947368421052,3.6155606407322654,95.78947368421052,27.400513893429203,0.052154481912095596,0.09897820457451834,0.25575451789800274,0.1567763133234844,0.0,0.20000000000000162,0.2521544819120972,0.20000000000000162,3,500,250,100,0.005,100
0,100,59,41,14,2.9285714285714284,41,0,41.0,0.0,72.0,0.21575000000000003,0.08595494005787518,0.2664634146341464,0.2664634146341464,0.0,0.17499999999999996,0.18660714285714283,0.2664634146341464,0.18050847457627123,4,500,250,100,0.005,100
50,109,53,56,20,2.8,53,3,48.62385321100918,2.7522935779816513,74.31192660550458,10.905733944954124,0.11626813461233554,0.12932852386237528,0.30432852386237524,0.17499999999999996,0.17499999999999996,0.18799999999999994,0.29740021008403367,0.18113207547169813,4,500,250,100,0.005,100
100,125,53,72,25,2.88,69,3,55.2,2.4,77.6,20.97580000000001,0.13614308954480345,0.1484610417563492,0.32346104175634954,0.17500000000000035,0.1750000000000004,0.18799999999999997,0.3172751650165017,0.18113207547169827,4,500,250,100,0.005,100
150,155,53,102,35,2.914285714285714,99,3,63.87096774193548,1.935483870967742,81.93548387096774,30.14629032258065,0.21156854782397727,0.22429761188039268,0.39929761188039314,0.17500000000000046,0.1750000000000005,0.18799999999999997,0.3927006232956756,0.18113207547169835,4,500,250,100,0.005,100
200,222,54,168,57,2.9473684210526314,156,12,70.27027027027027,5.405405405405405,82.88288288288288,33.291441441441435,0.20584062858841948,0.2517701276933133,0.39194425704654723,0.14017412935323395,0.17500000000000013,0.1607108687332569,0.37396067649702486,0.16812004790860538,4,500,250,100,0.005,100
250,306,48,258,84,3.0714285714285716,241,17,78.75816993464052,5.555555555555555,87.25490196078431,38.576911764705855,0.2097433623518757,0.2599027534782587,0.40166745936061177,0.14176470588235307,0.17499999999999963,0.17456084751901538,0.3845420841314242,0.1747987217795485,4,500,250,100,0.005,100
300,431,31,400,126,3.1746031746031744,380,20,88.16705336426914,4.640371229698376,90.71925754060325,42.12113689095125,0.18837170665370057,0.23765056148838118,0.38273735550831495,0.14508679401993377,0.17499999999999918,0.1865988372093031,0.3708548274338959,0.18248312078019535,4,500,250,100,0.005,100
350,652,19,633,192,3.296875,602,31,92.33128834355828,4.754601226993865,92.94478527607362,42.52086656441714,0.18455266244088597,0.21812799483805348,0.37962471510915713,0.16149672027110365,0.1749999999999989,0.1868935427574183,0.36894230145990015,0.18438963901901417,4,500,250,100,0.005,100
400,1007,13,994,299,3.3244147157190636,957,37,95.03475670307846,3.674280039721946,95.03475670307846,42.03608738828199,0.17161017990563252,0.21161784819747742,0.3794873030276729,0.1678694548301955,0.0,0.20000000000000148,0.371610179905634,0.20000000000000148,4,500,250,100,0.005,100
450,1573,13,1560,463,3.3693304535637147,1509,51,95.93134138588684,3.242212333121424,95.93134138588684,41.630778766687826,0.17391333553527488,0.20161959581200523,0.38050474539836127,0.17888514958635604,0.0,0.20000000000000162,0.3739133355352765,0.20000000000000162,4,500,250,100,0.005,100
0,100,62,38,12,3.1666666666666665,38,0,38.0,0.0,71.0,0.20600000000000002,0.06460101867572163,0.24605263157894744,0.24605263157894744,0.0,0.17500000000000002,0.18879310344827588,0.24605263157894744,0.1814516129032258,0,500,250,100,0.005,250
50,108,52,56,17,3.2941176470588234,52,4,48.148148148148145,3.7037037037037037,73.14814814814815,9.887731481481481,0.039340255332902585,0.05065045248868791,0.2256504524886879,0.175,0.17499999999999996,0.19099999999999995,0.2220325630252102,0.18269230769230763,0,500,250,100,0.005,250
100,134,52,82,23,3.5652173913043477,78,4,58.208955223880594,2.985074626865672,78.35820895522389,18.155410447761206,0.0695022105400035,0.08115321147499355,0.25615321147499387,0.17500000000000032,0.17500000000000038,0.19099999999999986,0.25219451823231126,0.18269230769230776,0,500,250,100,0.005,250
150,167,52,115,30,3.8333333333333335,111,4,66.46706586826348,2.395209580838323,82.63473053892216,25.449251497006003,0.09697512680236536,0.10843923393592234,0.2834392339359228,0.17500000000000046,0.1750000000000005,0.19099999999999986,0.27966743449467324,0.18269230769230788,0,500,250,100,0.005,250
200,231,49,182,48,3.7916666666666665,171,11,74.02597402597402,4.761904761904762,84.84848484848484,28.607251082251075,0.10356108000031214,0.13135062327913838,0.2889772628087631,0.15762663952962475,0.17500000000000018,0.18005804311774473,0.2810384888743097,0.17747740887399757,0,500,250,100,0.005,250
250,340,44,296,75,3.9466666666666668,282,14,82.94117647058823,4.117647058823529,89.11764705882354,30.084338235294076,0.0983185313750149,0.12437825584285711,0.28322156922527214,0.15884331338241503,0.17499999999999966,0.18269097522951724,0.27733881388135323,0.17902028250633834,0,500,250,100,0.005,250
300,491,32,459,111,4.135135135135135,438,20,89.20570264765784,4.0733197556008145,91.85336048879837,32.08187372708751,0.09011729322283252,0.11187208659766734,0.27959556043487666,0.1677234738372093,0.1749999999999992,0.19115667074663492,0.2747103164786467,0.18459302325581417,0,500,250,100,0.005,250
350,768,21,747,176,4.244318181818182,716,29,93.22916666666667,3.7760416666666665,93.75,31.7264322916666,0.08265601660873229,0.1109807946563923,0.2810236934349232,0.17004289877853093,0.1749999999999989,0.19852941176470715,0.2767036356563522,0.1940476190476199,0,500,250,100,0.005,250
400,1269,19,1250,290,4.310344827586207,1202,45,94.72025216706068,3.5460992907801416,94.95665878644603,29.856182689781924,0.07772448160361586,0.10305332968410891,0.27749595827942464,0.17444262859531573,0.17499999999999868,0.20000000000000148,0.27377711318256426,0.1960526315789484,0,500,250,100,0.005,250
450,1931,16,1915,439,4.362186788154897,1852,59,95.90885551527705,3.0554117037804245,95.90885551527705,30.990376316243697,0.07911494410813211,0.10322134892039159,0.2823017884756393,0.17908043955524772,0.0,0.20000000000000165,0.27911494410813376,0.20000000000000165,0,500,250,100,0.005,250
0,100,62,38,13,2.923076923076923,38,0,38.0,0.0,73.0,0.23125,0.1321095076400681,0.31315789473684225,0.31315789473684225,0.0,0.175,0.1888888888888889,0.31315789473684225,0.18104838709677415,1,500,250,100,0.005,250
50,109,46,63,24,2.625,56,7,51.37614678899082,6.422018348623853,75.22935779816514,10.962385321100918,0.10011113140908554,0.1471165966386555,0.29960959383753505,0.15249299719887954,0.17499999999999996,0.1937499999999999,0.28326330532212896,0.18315217391304342,1,500,250,100,0.005,250
100,128,46,82,31,2.6451612903225805,75,7,58.59375,5.46875,78.90625,21.119140625000004,0.1562658765720624,0.20572073661147605,0.35697957678120756,0.1512588401697315,0.17500000000000038,0.19374999999999978,0.3394180504851059,0.18315217391304353,1,500,250,100,0.005,250
150,154,46,108,42,2.5714285714285716,101,7,65.58441558441558,4.545454545454546,82.46753246753246,30.946980519480515,0.19234567443691264,0.23526899759488887,0.390746764860736,0.15547776726584714,0.17500000000000046,0.19374999999999973,0.37549784834995625,0.18315217391304361,1,500,250,100,0.005,250
200,199,47,152,57,2.6666666666666665,143,9,71.85929648241206,4.522613065326633,84.42211055276383,36.94477386934672,0.221093201331596,0.2626147925120118,0.41072977316430603,0.14811498065229425,0.17500000000000018,0.17304952510176405,0.39518021308135803,0.17408701174976204,1,500,250,100,0.005,250
250,255,43,212,78,2.717948717948718,201,11,78.82352941176471,4.313725490196078,87.45098039215686,44.38552941176467,0.22743541010598217,0.25290718881847785,0.4190903350215443,0.16618314620306643,0.17499999999999966,0.18223297287042364,0.4059677922054912,0.178532382099509,1,500,250,100,0.005,250
300,365,41,324,119,2.722689075630252,310,13,84.93150684931507,3.5616438356164384,90.41095890410959,47.490712328767096,0.24329996677515467,0.2620130832358294,0.43345400665349665,0.17144092341766728,0.1749999999999992,0.1839977851605767,0.42290858844276674,0.17960862166761207,1,500,250,100,0.005,250
350,568,34,534,192,2.78125,510,23,89.78873239436619,4.049295774647887,92.42957746478874,45.627834507042216,0.22071633044496602,0.27767815150078157,0.414770920304616,0.13709276880383442,0.1749999999999989,0.18765557055030846,0.4027885610466085,0.18207223060164246,1,500,250,100,0.005,250
400,876,28,848,301,2.8172757475083055,814,31,92.92237442922375,3.538812785388128,94.29223744292237,45.17360350076101,0.2083502625510668,0.2694673435230215,0.40752176103703414,0.13805441751401265,0.17499999999999868,0.20000000000000137,0.39763597683678126,0.18928571428571445,1,500,250,100,0.005,250
450,1349,19,1330,470,2.8297872340425534,1292,33,95.77464788732394,2.446256486286138,95.99703484062269,44.847783543365445,0.20160178843482288,0.2513299833375686,0.40391395922142387,0.15258397588385525,0.17499999999999852,0.2000000000000015,0.39765442001377127,0.1960526315789484,1,500,250,100,0.005,250
0,100,56,44,15,2.933333333333333,44,0,44.0,0.0,73.0,0.21600000000000003,0.07897727272727276,0.2602272727272728,0.2602272727272728,0.0,0.175,0.18796296296296297,0.2602272727272728,0.18125000000000005,2,500,250,100,0.005,250
50,112,46,66,20,3.3,63,3,56.25,2.6785714285714284,75.89285714285714,9.548392857142858,0.04933426334960875,0.1040242763772177,0.23667133520074712,0.13264705882352942,0.17499999999999993,0.1895833333333333,0.23194295900178263,0.18260869565217389,2,500,250,100,0.005,250
100,120,46,74,22,3.3636363636363638,71,3,59.166666666666664,2.5,77.5,19.37975000000002,0.06282480715756664,0.11891786361734769,0.25025449728071425,0.13133663366336656,0.1750000000000003,0.18958333333333321,0.24543350280974066,0.18260869565217402,2,500,250,100,0.005,250
150,154,46,108,31,3.4838709677419355,104,4,67.53246753246754,2.5974025974025974,81.81818181818181,25.367500000000014,0.10006207942754139,0.139200522159959,0.2878263499745288,0.14862582781456976,0.1750000000000004,0.18958333333333324,0.2826707750797155,0.1826086956521741,2,500,250,100,0.005,250
200,201,49,152,43,3.5348837209302326,144,8,71.64179104477611,3.9800995024875623,82.58706467661692,29.365149253731342,0.13169193973740304,0.17876122857932536,0.3090286415146489,0.13026741293532357,0.17500000000000024,0.16216602174313627,0.2996201557999476,0.16792821606254457,2,500,250,100,0.005,250
250,266,48,218,59,3.694915254237288,210,8,78.94736842105263,3.007518796992481,86.84210526315789,34.035319548872124,0.13437445628049638,0.17218641779718324,0.31136470464977306,0.13917828685258982,0.17499999999999966,0.16730485465545272,0.30504593702418836,0.17067148074369198,2,500,250,100,0.005,250
300,373,43,330,86,3.8372093023255816,321,9,86.05898123324397,2.4128686327077746,90.3485254691689,36.335710455764,0.13847780746139762,0.17832750655126187,0.3156641621437315,0.13733665559246963,0.17499999999999918,0.17073643410852793,0.31080068469233346,0.17232287723093584,2,500,250,100,0.005,250
350,571,40,531,137,3.875912408759124,514,17,90.01751313485114,2.9772329246935203,92.81961471103328,35.170919439579606,0.14025841109528486,0.1510564382076836,0.3169904721475123,0.1659340339398287,0.1749999999999989,0.16982663204394974,0.31215439032165426,0.1718959792263694,2,500,250,100,0.005,250
400,857,23,834,212,3.9339622641509435,805,29,93.93232205367562,3.38389731621937,94.39906651108518,36.13374562427064,0.1319681919379089,0.1595785061777967,0.31634657983092285,0.15676807365312614,0.17499999999999868,0.17963570446442045,0.310797686930256,0.1788294949923471,2,500,250,100,0.005,250
450,1337,15,1322,329,4.018237082066869,1285,37,96.11069558713538,2.767389678384443,96.18548990276739,36.039917726252725,0.11762868851345651,0.16752328802310426,0.32065064639811863,0.15312735837501437,0.17499999999999852,0.2000000000000016,0.31596202184679123,0.19833333333333472,2,500,250,100,0.005,250
0,100,58,42,13,3.230769230769231,42,0,42.0,0.0,72.0,0.23399999999999999,0.1291871921182266,0.30892857142857144,0.30892857142857144,0.0,0.17499999999999996,0.1848214285714286,0.30892857142857144,0.17974137931034484,3,500,250,100,0.005,250
50,111,46,65,19,3.4210526315789473,58,7,52.252252252252255,6.306306306306307,73.87387387387388,10.394594594594595,0.07646517804446215,0.10008451656524694,0.2682217714672077,0.16813725490196077,0.17499999999999996,0.18749999999999992,0.2574434389140273,0.18097826086956517,3,500,250,100,0.005,250
100,138,46,92,25,3.68,84,8,60.869565217391305,5.797101449275362,78.26086956521739,17.737681159420305,0.07435159276797243,0.09525479333647643,0.2636128791450575,0.16835808580858105,0.17500000000000035,0.18749999999999997,0.2553298536375378,0.18097826086956537,3,500,250,100,0.005,250
150,166,46,120,32,3.75,112,8,67.46987951807229,4.819277108433735,81.92771084337349,25.218674698795187,0.08160077571195457,0.10118153635626398,0.2693244723386043,0.1681429359823403,0.17500000000000046,0.18749999999999997,0.26257903658152,0.18097826086956542,3,500,250,100,0.005,250
200,218,43,175,48,3.6458333333333335,157,18,72.01834862385321,8.256880733944953,83.02752293577981,28.733944954128432,0.10215902657465423,0.15520649546195278,0.2930392403397147,0.1378327448777619,0.17500000000000018,0.17481015972767747,0.2770751436636281,0.1749161170889739,3,500,250,100,0.005,250
250,287,42,245,65,3.769230769230769,227,18,79.09407665505226,6.2717770034843205,87.10801393728222,33.637195121951166,0.12181435036360255,0.16515294274196304,0.31018357000706714,0.1450306272651041,0.17499999999999966,0.17773118054099446,0.2980498844178617,0.17623553405425912,3,500,250,100,0.005,250
300,437,34,403,101,3.99009900990099,379,24,86.72768878718536,5.491990846681922,90.8466819221968,33.7272311212814,0.12245408852007322,0.15417768125250395,0.30925216498453073,0.15507448373202679,0.1749999999999992,0.18055959302325664,0.3000703675898407,0.17761627906976746,3,500,250,100,0.005,250
350,648,19,629,154,4.084415584415584,594,35,91.66666666666667,5.401234567901234,92.74691358024691,34.43867026748965,0.1073103012000094,0.15000897896302226,0.30513106691086317,0.1551220879478409,0.1749999999999989,0.19791666666666788,0.2967839854105361,0.18947368421052668,3,500,250,100,0.005,250
400,1041,12,1029,249,4.132530120481928,985,44,94.6205571565802,4.226705091258405,94.71661863592699,32.86756346919165,0.09966295773589415,0.13454706146000991,0.3033328515203857,0.16878579006037578,0.17499999999999868,0.20000000000000148,0.2975796244025621,0.19791666666666793,3,500,250,100,0.005,250
450,1696,11,1685,401,4.201995012468828,1622,63,95.63679245283019,3.714622641509434,95.63679245283019,31.220228548966695,0.0880495701496315,0.12327813164726525,0.29265878219341807,0.1693806505461528,0.0,0.20000000000000162,0.2880495701496331,0.20000000000000162,3,500,250,100,0.005,250
0,100,60,40,14,2.857142857142857,40,0,40.0,0.0,72.0,0.21575000000000003,0.08833333333333332,0.26875000000000004,0.26875000000000004,0.0,0.17500000000000002,0.18660714285714283,0.26875000000000004,0.18041666666666673,4,500,250,100,0.005,250
50,110,54,56,19,2.9473684210526314,53,3,48.18181818181818,2.727272727272727,74.54545454545455,10.707954545454543,0.11698568316215383,0.1299667036625973,0.30496670366259726,0.17499999999999996,0.17499999999999993,0.18799999999999994,0.2980042016806724,0.18101851851851855,4,500,250,100,0.005,250
100,127,54,73,24,3.0416666666666665,70,3,55.118110236220474,2.3622047244094486,77.95275590551181,20.26751968503938,0.13107289610239548,0.14296676096181013,0.3179667609618105,0.17500000000000035,0.1750000000000004,0.18799999999999997,0.31209141462091416,0.1810185185185187,4,500,250,100,0.005,250
150,146,54,92,30,3.066666666666667,89,3,60.95890410958904,2.0547945205479454,80.82191780821918,30.583390410958906,0.19458974523040123,0.20737034005506302,0.3823703400550635,0.17500000000000046,0.1750000000000005,0.18799999999999997,0.37560826374892003,0.1810185185185188,4,500,250,100,0.005,250
200,212,55,157,50,3.14,148,9,69.81132075471699,4.245283018867925,83.49056603773585,33.373172169811305,0.18116584852229833,0.21764329628135573,0.36188735377168196,0.14424405749032623,0.17500000000000013,0.16071086873325693,0.3494109864689291,0.16824513794663076,4,500,250,100,0.005,250
250,304,52,252,78,3.230769230769231,239,13,78.61842105263158,4.276315789473684,87.5,37.02158717105259,0.1944063241511378,0.22950878122232793,0.3767697373976267,0.14726095617529877,0.17499999999999963,0.16568924302788893,0.3649299986837765,0.17052367453263872,4,500,250,100,0.005,250
300,447,39,408,122,3.3442622950819674,387,21,86.57718120805369,4.697986577181208,91.05145413870247,39.30355145413865,0.19402297719048764,0.23231070327560754,0.3821578440121596,0.14984714073655203,0.1749999999999992,0.17741738066095553,0.3702006754612092,0.17617769827072158,4,500,250,100,0.005,250
350,668,19,649,191,3.397905759162304,616,32,92.21556886227545,4.790419161676646,93.11377245508982,40.68392964071851,0.18793902110278246,0.24576370976261644,0.39218076375512795,0.1464170539925115,0.1749999999999989,0.20000000000000137,0.38004428426067777,0.1921052631578953,4,500,250,100,0.005,250
400,1057,13,1044,298,3.5033557046979866,1007,36,95.26963103122044,3.4058656575212867,95.26963103122044,40.05285241248813,0.17569762260176994,0.2333084124544918,0.38375045371237715,0.15044204125788535,0.0,0.20000000000000148,0.3756976226017714,0.20000000000000148,4,500,250,100,0.005,250
450,1661,13,1648,462,3.567099567099567,1601,46,96.38771824202288,2.769416014449127,96.38771824202288,40.203568633353356,0.1701714413573437,0.22385939412525602,0.37642373773242827,0.15256434360717225,0.0,0.20000000000000162,0.3701714413573453,0.20000000000000162,4,500,250,100,0.005,250
0,100,62,38,12,3.1666666666666665,38,0,38.0,0.0,71.0,0.20600000000000002,0.06460101867572163,0.24605263157894744,0.24605263157894744,0.0,0.17500000000000002,0.18879310344827588,0.24605263157894744,0.1814516129032258,0,500,250,100,0.005,500
50,108,49,59,19,3.1052631578947367,56,3,51.851851851851855,2.7777777777777777,73.14814814814815,9.605092592592595,0.049463853337945535,0.06071428571428586,0.23571428571428582,0.17499999999999996,0.17499999999999993,0.19038461538461535,0.23262711864406793,0.1831632653061224,0,500,250,100,0.005,500
100,135,49,86,25,3.44,83,3,61.48148148148148,2.2222222222222223,78.51851851851852,17.435185185185198,0.06926305290709431,0.08022485983538094,0.2552248598353813,0.17500000000000035,0.17500000000000032,0.19038461538461526,0.25242631821321687,0.18316326530612256,0,500,250,100,0.005,500
150,170,49,121,33,3.6666666666666665,118,3,69.41176470588235,1.7647058823529411,82.94117647058823,24.116323529411773,0.07858212356148184,0.08895078011000071,0.26395078011000117,0.17500000000000046,0.1750000000000004,0.19038461538461526,0.26174538886760446,0.18316326530612262,0,500,250,100,0.005,500
200,238,49,189,50,3.78,177,12,74.36974789915966,5.042016806722689,83.61344537815125,26.925525210084025,0.09093959999699133,0.12004428774208031,0.26751008376198093,0.14746579601990062,0.17500000000000024,0.16401787359498815,0.2598882242228013,0.16894862422580995,0,500,250,100,0.005,500
250,344,45,299,76,3.9342105263157894,284,15,82.55813953488372,4.3604651162790695,88.37209302325581,29.364752906976708,0.10009484287929013,0.12947772021340392,0.28056337758392197,0.15108565737051805,0.17499999999999966,0.17315139442231128,0.274067839780574,0.17397299690128384,0,500,250,100,0.005,500
300,499,43,456,113,4.035398230088496,438,18,87.7755511022044,3.6072144288577155,91.38276553106212,31.314278557114175,0.1070043393141224,0.12234092851327599,0.28748258595144516,0.16514165743816916,0.1749999999999992,0.1761162790697683,0.2826533387732897,0.1756489994591673,0,500,250,100,0.005,500
350,771,28,743,176,4.221590909090909,714,29,92.60700389105058,3.761348897535668,93.64461738002593,31.4061770428015,0.08772863635299455,0.11592919662355436,0.2815391779631818,0.16560998133962743,0.1749999999999989,0.19500000000000103,0.2770143506387093,0.18928571428571472,0,500,250,100,0.005,500
400,1268,19,1249,288,4.336805555555555,1201,48,94.71608832807571,3.7854889589905363,94.95268138801262,29.743260931475586,0.07545620986639298,0.1039959103819261,0.275505481716224,0.17150957133429792,0.17499999999999868,0.20000000000000148,0.2715088414453414,0.1960526315789484,0,500,250,100,0.005,500
450,1928,16,1912,439,4.355353075170843,1853,58,96.10995850622406,3.008298755186722,96.10995850622406,30.817959693818697,0.07454698748816338,0.10115523541862137,0.2776171097562341,0.17646187433761273,0.0,0.20000000000000165,0.27454698748816503,0.20000000000000165,0,500,250,100,0.005,500
0,100,62,38,13,2.923076923076923,38,0,38.0,0.0,73.0,0.23125,0.1321095076400681,0.31315789473684225,0.31315789473684225,0.0,0.175,0.1888888888888889,0.31315789473684225,0.18104838709677415,1,500,250,100,0.005,500
50,112,54,58,20,2.9,54,4,48.214285714285715,3.5714285714285716,75.89285714285714,10.837276785714286,0.12481688077529873,0.13788852578068272,0.3162708787218592,0.1783823529411765,0.17499999999999993,0.19130434782608685,0.3067613252197431,0.18194444444444435,1,500,250,100,0.005,500
100,134,54,80,27,2.962962962962963,75,5,55.97014925373134,3.7313432835820897,79.1044776119403,20.702798507462695,0.14444169416941688,0.1552369636963694,0.3360884488448845,0.18085148514851507,0.17500000000000043,0.19130434782608682,0.3263861386138614,0.18194444444444452,1,500,250,100,0.005,500
150,168,54,114,38,3.0,108,6,64.28571428571429,3.5714285714285716,82.73809523809524,28.970833333333335,0.15493977770032114,0.1630485038018145,0.3454657223448611,0.18241721854304663,0.17500000000000052,0.19130434782608677,0.33688422214476577,0.18194444444444463,1,500,250,100,0.005,500
200,224,54,170,58,2.9310344827586206,159,11,70.98214285714286,4.910714285714286,84.375,33.65301339285714,0.19079970517781417,0.22313439947205044,0.37686348133546077,0.15372908186341033,0.17500000000000013,0.16740775290215604,0.36242537313432815,0.171625667956514,1,500,250,100,0.005,500
250,310,51,259,88,2.9431818181818183,244,15,78.70967741935483,4.838709677419355,87.41935483870968,38.072983870967704,0.2022156325359722,0.20953093884011387,0.3879542537107128,0.17842331487059893,0.17499999999999963,0.1720327025232409,0.37581925725279125,0.17360362471681906,1,500,250,100,0.005,500
300,446,46,400,134,2.985074626865672,376,24,84.30493273542601,5.381165919282512,89.68609865470852,41.07477578475332,0.20476614010733016,0.22238287129073747,0.39519455222299477,0.1728116809322573,0.17499999999999918,0.17936046511627987,0.3818515799455506,0.17708543983822042,1,500,250,100,0.005,500
350,693,32,661,217,3.046082949308756,620,41,89.46608946608947,5.916305916305916,91.48629148629149,40.03918951418948,0.18257003934595298,0.21258063177226197,0.37786931424049813,0.16528868246823616,0.1749999999999989,0.18764619883041045,0.3646835261880584,0.1821134868421054,1,500,250,100,0.005,500
400,1050,19,1031,337,3.059347181008902,972,59,92.57142857142857,5.619047619047619,92.95238095238095,40.584439682539646,0.16786469924570932,0.2237581500111074,0.3754063239413277,0.15164817393022031,0.17499999999999868,0.20000000000000148,0.3626015413509734,0.19473684210526407,1,500,250,100,0.005,500
450,1607,15,1592,523,3.043977055449331,1510,82,93.9639079029247,5.102675793403858,93.9639079029247,41.01824517734907,0.17027902860738856,0.23600420303069025,0.38243502398962415,0.1464308209589339,0.0,0.2000000000000016,0.37027902860739015,0.2000000000000016,1,500,250,100,0.005,500
0,100,56,44,15,2.933333333333333,44,0,44.0,0.0,73.0,0.21600000000000003,0.07897727272727276,0.2602272727272728,0.2602272727272728,0.0,0.175,0.18796296296296297,0.2602272727272728,0.18125000000000005,2,500,250,100,0.005,500
50,116,47,69,22,3.1363636363636362,66,3,56.89655172413793,2.586206896551724,76.72413793103448,9.95689655172414,0.07950971322849237,0.09090909090909113,0.2659090909090911,0.17499999999999996,0.17499999999999993,0.1895833333333333,0.26195652173913064,0.18244680851063827,2,500,250,100,0.005,500
100,124,47,77,24,3.2083333333333335,74,3,59.67741935483871,2.4193548387096775,78.2258064516129,20.616532258064538,0.08968576188925895,0.10107037730800092,0.27607037730800127,0.17500000000000035,0.17500000000000032,0.18958333333333321,0.27213257039989736,0.1824468085106384,2,500,250,100,0.005,500
150,164,47,117,34,3.4411764705882355,114,3,69.51219512195122,1.829268292682927,83.53658536585365,26.619664634146353,0.120372006228706,0.13118246775880052,0.306182467758801,0.17500000000000046,0.1750000000000004,0.18958333333333324,0.30281881473934447,0.18244680851063846,2,500,250,100,0.005,500
200,216,46,170,49,3.4693877551020407,162,8,75.0,3.7037037037037037,85.64814814814815,30.79259259259258,0.13778584697993382,0.18276441864750298,0.32293854800073696,0.14017412935323398,0.1750000000000002,0.17810404499242924,0.31433786947614856,0.17655202249621474,2,500,250,100,0.005,500
250,289,44,245,68,3.6029411764705883,234,11,80.96885813148789,3.8062283737024223,88.92733564013841,35.85415224913489,0.1425779072947539,0.18415371149434862,0.3287299519869238,0.14457624049257517,0.17499999999999966,0.18104249667994743,0.32046182616472857,0.17788391886997468,2,500,250,100,0.005,500
300,433,33,400,106,3.7735849056603774,386,14,89.14549653579677,3.233256351039261,92.14780600461894,36.69249422632787,0.14389506149535172,0.17491907133580795,0.3299855165185322,0.15506644518272425,0.1749999999999992,0.18319767441860546,0.323863349021779,0.17996828752642727,2,500,250,100,0.005,500
350,675,23,652,167,3.904191616766467,634,18,93.92592592592592,2.6666666666666665,94.81481481481481,35.83644444444435,0.1340665106664238,0.16719506322845862,0.3288997165997787,0.16170465337132006,0.1749999999999989,0.1955882352941187,0.32428390197077217,0.19021739130434837,2,500,250,100,0.005,500
400,1059,15,1044,262,3.984732824427481,1020,24,96.3172804532578,2.26628895184136,96.3172804532578,35.48137393767697,0.12471108881317489,0.16899078056110559,0.3269292676766499,0.15793848711554434,0.0,0.1983333333333347,0.3230444221465096,0.1983333333333347,2,500,250,100,0.005,500
450,1646,14,1632,406,4.019704433497537,1602,30,97.32685297691373,1.8226002430133657,97.32685297691373,35.68547995139725,0.126417506355376,0.17076499447442556,0.3295565687538045,0.15879157427937896,0.0,0.2000000000000016,0.3264175063553776,0.2000000000000016,2,500,250,100,0.005,500
0,100,57,43,14,3.0714285714285716,42,1,42.0,1.0,72.0,0.23399999999999999,0.12598939208486337,0.13392857142857142,0.30892857142857144,0.17500000000000002,0.17499999999999996,0.18518518518518523,0.30581395348837215,0.17982456140350878,3,500,250,100,0.005,500
50,124,43,81,26,3.1153846153846154,73,8,58.87096774193548,6.451612903225806,76.61290322580645,10.31975806451613,0.08981017040752567,0.09461245970991147,0.2805499597099115,0.1859375,0.17499999999999993,0.188095238095238,0.27120551924473496,0.18139534883720929,3,500,250,100,0.005,500
100,139,43,96,30,3.2,88,8,63.30935251798561,5.755395683453237,79.13669064748201,20.040287769784193,0.10417086403407791,0.10868586858685858,0.29462336858685884,0.18593750000000026,0.1750000000000003,0.18809523809523804,0.2855662128712873,0.1813953488372094,3,500,250,100,0.005,500
150,179,43,136,40,3.4,127,9,70.94972067039106,5.027932960893855,83.24022346368714,27.605586592178774,0.12036485855700635,0.11492081701707765,0.30936526146152243,0.19444444444444478,0.1750000000000004,0.188095238095238,0.3017602073942159,0.18139534883720954,3,500,250,100,0.005,500
200,245,39,206,60,3.433333333333333,186,20,75.91836734693878,8.16326530612245,84.89795918367346,31.209795918367323,0.13784184628265153,0.16888129914941397,0.32914560263200116,0.1602643034825872,0.17500000000000024,0.1747878255779925,0.31274935999613557,0.17490751371348404,3,500,250,100,0.005,500
250,369,38,331,91,3.6373626373626373,309,22,83.73983739837398,5.9620596205962055,89.4308943089431,32.697899728997236,0.1478924702797059,0.17309052781435066,0.3357625669306129,0.16267203911626224,0.17499999999999966,0.17805249589875846,0.3242580605502029,0.176365590270497,3,500,250,100,0.005,500
300,563,26,537,143,3.7552447552447554,510,27,90.58614564831261,4.7957371225577266,92.71758436944938,33.82166962699816,0.14556406764427282,0.15071763415123285,0.3315633372639535,0.18084570311272063,0.17499999999999918,0.18135382059800756,0.3239853556585842,0.1784212880143114,3,500,250,100,0.005,500
350,862,12,850,219,3.8812785388127855,812,38,94.19953596287704,4.408352668213457,94.19953596287704,34.94060904872383,0.12401871536340228,0.14744846003137504,0.32852719553735515,0.1810787355059801,0.0,0.19791666666666788,0.32193538203007016,0.19791666666666788,3,500,250,100,0.005,500
400,1360,11,1349,341,3.9560117302052786,1296,53,95.29411764705883,3.8970588235294117,95.29411764705883,35.2775147058823,0.12049825470633566,0.1322415637201788,0.3256938091000877,0.1934522453799089,0.0,0.20000000000000148,0.32049825470633714,0.20000000000000148,3,500,250,100,0.005,500
450,2226,11,2215,553,4.005424954792043,2138,76,96.04672057502246,3.4141958670260557,96.04672057502246,34.47407681940696,0.11789892547432579,0.12491379262266877,0.3221868424749249,0.19727304985225613,0.0,0.20000000000000162,0.3178989254743274,0.20000000000000162,3,500,250,100,0.005,500
0,100,60,40,14,2.857142857142857,40,0,40.0,0.0,72.0,0.21575000000000003,0.08833333333333332,0.26875000000000004,0.26875000000000004,0.0,0.17500000000000002,0.18660714285714283,0.26875000000000004,0.18041666666666673,4,500,250,100,0.005,500
50,110,53,57,20,2.85,53,4,48.18181818181818,3.6363636363636362,74.54545454545455,10.660681818181816,0.1122889771598809,0.12735849056603787,0.30235849056603786,0.175,0.17499999999999993,0.1885416666666666,0.293421052631579,0.18113207547169813,4,500,250,100,0.005,500
100,128,53,75,25,3.0,71,4,55.46875,3.125,78.125,20.31660156250001,0.12143228096394534,0.13475108074187675,0.30975108074187707,0.17500000000000032,0.1750000000000004,0.1885416666666666,0.3025643564356436,0.18113207547169827,4,500,250,100,0.005,500
150,160,53,107,35,3.057142857142857,103,4,64.375,2.5,82.5,28.620000000000005,0.1846687384170184,0.19821055423390913,0.3732105542339096,0.17500000000000046,0.1750000000000005,0.1885416666666666,0.36580081388871677,0.18113207547169838,4,500,250,100,0.005,500
200,225,51,174,58,3.0,158,15,70.22222222222223,6.666666666666667,82.66666666666667,31.864555555555555,0.1701634072983849,0.24494977350855782,0.36184861264620305,0.11689883913764523,0.17500000000000013,0.1649037421587715,0.340610192977831,0.17044678567944613,4,500,250,100,0.005,500
250,302,49,253,82,3.0853658536585367,235,17,77.81456953642385,5.629139072847682,86.75496688741723,37.82317880794699,0.19110856384132144,0.22959027370011167,0.37912301823496825,0.14953274453485657,0.17499999999999963,0.16949022093444457,0.36363478548535755,0.1725262216440361,4,500,250,100,0.005,500
300,446,34,412,126,3.2698412698412698,386,25,86.54708520179372,5.605381165919282,90.5829596412556,39.75971599402088,0.17856918757273454,0.23062067143268647,0.3744200543666554,0.1437993829339689,0.1749999999999992,0.18949854651162884,0.36039203298997124,0.1818228454172367,4,500,250,100,0.005,500
350,689,14,675,193,3.4974093264248705,641,33,93.03338171262699,4.78955007256894,93.17851959361393,39.65490566037731,0.1567590731354878,0.2209691938307192,0.36579232531329653,0.14482313148257733,0.1749999999999989,0.20000000000000137,0.3549733588497747,0.19821428571428693,4,500,250,100,0.005,500
400,1095,13,1082,308,3.512987012987013,1041,40,95.06849315068493,3.65296803652968,95.06849315068493,38.60517047184166,0.14707007582146034,0.20224850556963553,0.3545538318092374,0.15230532623960186,0.0,0.20000000000000148,0.3470700758214618,0.20000000000000148,4,500,250,100,0.005,500
450,1707,13,1694,478,3.5439330543933054,1642,51,96.19214997070884,2.9876977152899826,96.19214997070884,38.51706942003511,0.1523014672354257,0.2072719167963405,0.35854533478215694,0.15127341798581645,0.0,0.20000000000000162,0.3523014672354273,0.20000000000000162,4,500,250,100,0.005,500
